x1,x2,x3,x4,x5,x6,y
0.04305744100421277,-0.02879327015779211,0.10268563339669556,0.010288431197271186,1.0,0.7853597861242286,1.7140725128211758
0.7118735580661448,-0.8309136043371207,0.031153526476011384,-1.0,0.008319408290145436,-1.0,7.260832397857988
-0.760833258431723,0.5577338868052392,-0.8465984814030384,0.806290515714387,0.2940001880273224,0.6981184197967574,3.1878211322096752
0.4607944556634067,0.413611526435538,1.0,0.6105178050608688,0.5634935954889946,0.24263356516974313,-1.6229643363847028
-0.7246970445924179,0.06140621372253918,-0.6513148055322118,-0.9790623137216194,0.061259514328827036,-0.1159065818218798,-0.9573322908350717
1.0,1.0,0.38739660925332897,1.0,-0.40880066469558446,-0.8119762692400629,6.707477389914509
0.8802946879993767,0.5183539560711303,-0.3705617460223245,0.04851690986191054,-0.5717746869136651,-0.9845785703755601,4.074604096689409
-0.5883199208719141,0.8328551242461923,-0.6584438236191057,0.13772784577542374,0.4485783912587954,1.0,8.149757617196297
-1.0,-1.0,-1.0,-0.3958343622161571,-0.1755366228760784,-0.2618098789676266,-4.54734752655189
-0.7221703103754462,-0.5481798454250032,0.08442128458785148,-0.3325493779562428,0.381466010265572,0.013450960286215119,0.7787906861262254
-1.0,-0.6368624506044761,-0.10988792943319026,-0.22654857375999338,0.6703292456823414,0.7905533404606652,2.1571168664246962
-1.0,-0.23940863475455476,-0.48062952824632665,-1.0,0.16172836011184977,1.0,1.9512036231617695
1.0,1.0,0.32268760365758475,0.8837344055478141,-0.44410518628705775,-1.0,7.680242316837802
-1.0,-0.8214158303063126,-0.5215807152418463,-0.3692872765947246,-0.04452705826807879,-1.0,4.044097054398812
-0.2373900666494081,0.0741727285324818,-0.1693344824264574,-0.782302289017723,0.0006333351328914327,0.22361104554755146,0.5735743054426067
-1.0,-1.0,-1.0,-0.4589066294293993,-1.0,-1.0,1.5646063832547543
0.555316941049192,-1.0,0.2729792246985273,-0.3492925832074823,-1.0,0.03488926064251552,3.8622626672070592
0.9578683183371324,1.0,0.7623195083938419,0.8873914812173567,1.0,0.4895960660099925,-6.6650810197894055
-0.5414694851597301,-0.7782761383915511,-1.0,-0.7980728953976013,0.47851328900114,1.0,1.9895386644283946
0.09354907330518236,-0.6771413173720817,1.0,-0.3269295595844304,1.0,0.10420725206937898,-1.2168247945294401
-0.34020325571002513,-0.426424825723564,-0.4812224389469043,-0.8541249799874505,-0.08507588622881176,-0.552403096703115,0.7601385804328088
-0.9644153800599329,-0.2923805863077483,-0.9885377847119858,-1.0,-1.0,-0.982115113972216,2.1859057396332093
0.16127235977827448,-0.471345082344941,1.0,0.5735654267958489,0.43987414780777634,1.0,-0.6361611345862282
-0.7255681968971672,-1.0,-0.9668565717592668,-1.0,-0.5169562356480913,-1.0,3.4090438000269105
-0.03885073653236559,-1.0,-0.8391168544361819,0.24478386103132943,-0.01665343115794815,1.0,2.105812297579984
-0.544545159872992,0.2997286593555625,-0.4649735603252314,0.2575779418489728,1.0,1.0,8.430600208695495
0.39292686465616455,0.6990718984572675,1.0,-0.5504471693414552,-0.07121423722411746,0.42549963337144625,-0.5218885087298486
0.84389225260661,0.4040198880548159,0.9737191365663428,1.0,-1.0,-0.19285089252974386,3.4487541168014135
-0.8772898324160443,0.2782293581031242,-0.8043427162495725,0.09412208312750792,-0.40434325468350907,0.18310161844854683,-0.48214997262915815
-0.2474071656361596,-0.3799311537892064,-0.9949575217299236,-0.9348975527978769,-0.7141805998814457,-0.7969357591080058,0.9341422872842589
0.2207845351826096,0.9934422140819867,1.0,0.16825867201190992,1.0,1.0,-1.9610484084758493
1.0,1.0,-0.9314821193870177,0.6367176729177271,-0.9857336310150832,-1.0,8.701100644703152
-1.0,-0.6515779568956316,-0.6073002327650681,0.010401558433212998,-1.0,-1.0,-0.3046074001925905
-0.5726715406184271,0.34893797120910075,0.3666011714836168,0.7047069817788496,0.2350411970760804,-1.0,3.3096483129052627
1.0,0.7367286930864705,0.9433427206892806,1.0,-0.1408669017605244,0.6566725628479393,-2.0922432652449228
1.0,0.5659054411478974,0.19450842990588346,0.02511202454129946,0.11919664222218443,-0.07763242007186766,-0.1036356561957506
-0.5362200236629855,1.0,0.5891177586639547,0.905704045463831,1.0,0.4202722789701524,-1.5789340440394182
-1.0,0.26373392417275154,0.3728047749276109,-0.6819114267714688,-0.4994113121395045,-1.0,0.14233299259111312
-0.42502109329603954,-0.9213171088128185,-0.007406232525804635,-0.5535073955257669,0.7371894059403699,0.24632042297890722,0.4261441794616244
-0.9564234316867002,-1.0,-0.0921106183581557,-1.0,-0.23664739353422504,-1.0,4.085038394697363
0.7442838024375695,-0.8186949650644755,0.4665188186366777,0.7193336465711713,-0.16194681550858017,-0.47875275561458275,3.019383177103906
0.6397928277427487,0.2972823384907919,1.0,0.8343664807540097,-1.0,0.7630683627407482,1.2785231836776492
0.7385336688066149,0.8648049271207923,1.0,1.0,-0.8453746068741216,-0.044607026493594604,2.0640880090965057
-1.0,-0.6445555898032359,-0.9117595133589664,-1.0,-0.7046037716153064,-1.0,4.238529928728996
1.0,1.0,1.0,1.0,1.0,0.773592996027616,-10.584076554438193
0.1926185682179632,0.6369844822512515,1.0,-1.0,-1.0,-1.0,-1.767355843879023
-1.0,-1.0,-0.12005706096250879,-1.0,0.3610723192537384,-0.14396680076051527,-0.5935032139843247
-1.0,-1.0,-1.0,-0.2050701625279583,0.39521307645256054,0.7133174734916526,-1.973734629911787
1.0,1.0,1.0,1.0,-1.0,-1.0,8.654729645915625
-0.2156482773412518,-1.0,-0.06433701612521858,-0.11824725132904157,0.3529983683788459,1.0,1.2029213389630828
-0.061319449693393424,-1.0,0.7641001606143009,-0.021311078881958045,-0.6136831374340646,-0.2977829346550447,3.3672141738422994
-0.8903002345294092,-0.9414384127179118,-0.04109203311756615,-0.5413866072213767,-0.4098890833493565,-1.0,3.772572320772742
-0.7073944951970159,-0.5320258371800435,-0.554215723042238,-1.0,1.0,0.49324709937142,1.207218937326736
0.8911163237769204,1.0,0.67411501179341,0.0983391014654208,1.0,0.07997430590967192,-2.7938518884577377
0.8503440507072353,0.4835715362907054,1.0,0.7692286685066132,0.1823659484867406,1.0,-3.561194711542393
-1.0,-1.0,-1.0,-1.0,0.04380123431436034,-0.9495131517715935,1.6480202810739817
1.0,1.0,0.1293419546837853,1.0,0.8327104958412027,0.4760087064412435,-2.5407520250106113
-0.36279554955751314,-0.10499644799882824,-0.8507830160876322,-0.672822905888887,-1.0,-0.6981920557314099,-0.8093657941196142
-0.27061972036094695,-0.6246597365755081,0.616928018585235,-0.21053260730162757,1.0,0.1873983334872822,0.6317608432885744
1.0,-0.15319233954942565,-0.16783534414221568,1.0,1.0,0.9334987767593559,1.2669846193625383
0.10038609005623467,-0.19217965110165985,0.2994667313211697,-0.8142830824302467,-0.12685665727530876,1.0,1.3806578020287306
1.0,1.0,0.22714270086504595,1.0,-0.23732939697238242,-1.0,8.255873015200855
1.0,0.4482906686393793,0.5964295677729593,0.25269526735127124,-1.0,-0.7656484865274864,5.650644568731988
-1.0,-0.874784816418609,-0.0041492957013569975,-1.0,-1.0,-1.0,4.794919796752213
-0.31585934009845196,-1.0,-0.7147885263729088,-1.0,0.2515658745580174,-0.01977222189050601,-3.141116372403742
-0.5816129591714008,-0.34816873355874334,1.0,0.0445921788356721,-1.0,-1.0,-0.3263348278168787
0.34169131835622,0.3586123594517425,-0.9867044524051809,0.6971672225424814,-0.23473834266473825,0.7876346639995399,3.1168703779210074
0.9900766067569375,0.9572240336365545,1.0,0.031162108491519902,0.12779134672016967,0.3760422103213476,-3.3910461770270577
-0.9127774526914929,0.34781234771956904,-1.0,-1.0,1.0,0.9893335644486083,11.263350856371643
-1.0,-0.945520002138001,-1.0,-1.0,-1.0,-0.07064613961892516,-2.8205312676160896
1.0,0.8764286505391902,1.0,0.3364677551095546,0.41266120044017995,0.659783883287019,-4.608076367623739
-0.4161212222964775,-1.0,-0.7084816481783427,-1.0,-0.30696301839748635,0.27663006681686,-2.7425884367481217
-0.9460863434018192,-0.9748963461435622,-0.3148471127333504,0.18377534000600865,0.21409572483626382,0.852739836456524,1.1928761158033971
0.5904328551943483,0.7704950699000533,0.38265765068403956,0.41252519846141145,1.0,0.6236624276727226,-0.7277151619528743
-1.0,-0.6194575441491488,0.4674224924746435,0.12353152375943477,-0.8548480185705876,1.0,-2.6530857107673067
-0.8024491843062905,0.06228889485729727,-1.0,-1.0,1.0,0.3732307607610275,1.5003680179724088
1.0,0.5664573646738464,1.0,-0.41769767894004817,0.65958154470035,0.6785242765881058,-3.444056521514819
1.0,-0.7433423332552529,-0.5003856738434108,1.0,-0.5589707713864309,-0.9221117865005876,5.982999619680156
-0.6535760194811053,-0.7975809687067466,-1.0,0.9928453647017744,1.0,1.0,5.968533559866225
-1.0,-1.0,-1.0,-1.0,-0.574118960528637,0.3381522375211215,-5.82669760318062
0.5759196938224718,-0.3812773405066527,0.3324392881058254,0.4875745683660664,-1.0,0.4479530455986338,2.6043486693253834
-1.0,-0.2960632982846916,-1.0,-0.9774803998463094,0.2508912872225846,0.29547462728175544,-1.8542720793557508
0.6264355250598062,0.744979432825648,1.0,0.05071933918680571,1.0,-0.37201370665000066,-3.356041015580848
0.7076218667434369,0.7311659561122061,1.0,1.0,-1.0,-1.0,5.961523644813292
0.06758653177416629,-1.0,-0.5016775980727136,0.5442464113815333,1.0,1.0,3.474026753715104
-1.0,-1.0,0.4300209999757276,0.292325983563138,-0.44056348232114195,1.0,-1.5899016924039846
0.4507614641482953,1.0,1.0,1.0,0.7231910651087374,0.8947820700966185,-6.519013772960643
-0.7564254233034107,-0.9370536212982576,-0.5612087796911314,-0.8255576295805531,0.46106613481615016,1.0,-0.23184122375147165
-0.36181780835194977,-1.0,-1.0,-0.4441610937369489,-1.0,-0.09426567668036345,-2.1218042684904814
1.0,1.0,1.0,1.0,1.0,0.09714690515966917,-7.080760395090321
-0.052368877762563715,-0.5483810573636252,-0.36391926593885526,-0.45960234682122575,0.38161920047035136,1.0,3.3866558251703234
-1.0,-1.0,-0.6759022311199494,-1.0,1.0,0.030561737408069334,-2.585693593031058
0.07149770579520823,-0.26222744702889766,-1.0,0.8983350380228603,-1.0,-1.0,0.6779586907901687
-1.0,-0.11408545736216769,-1.0,-0.916248925829857,0.47260402829367854,0.9635816479339765,6.244830444701938
1.0,-0.8030709532505395,-0.031348855923474056,-0.5228264110874794,0.8466028219247508,-0.047092316049760996,-0.5367411845943966
-1.0,-0.8883831318127142,-0.30613937350779274,-0.09151467572540328,0.2994663291102422,-0.05394879483181492,0.6512611588394666
-1.0,-0.8096051911525973,-0.6677242362169904,-0.07900968799307884,-0.3685735147246032,-0.3893141244252652,-2.0241499589881236
0.5567925309840034,0.32686492962423525,0.871997561219329,0.7662735669422663,1.0,1.0,-1.919317360082409
-1.0,-0.4678201641346442,-0.6934301374720537,-1.0,-0.16159283951785663,1.0,1.2695254902852515
0.5408844059879019,1.0,0.9544131700453828,-0.2670171233314816,-0.03736633803871503,1.0,-1.4743870929624603
-0.7696921466460739,-1.0,-1.0,0.12219206101538221,-1.0,-0.9676573859510232,0.7561230205611391
-1.0,-0.21144807803715082,-0.5427680053375373,-0.3375927509521217,-1.0,-0.6055557267366831,-1.4981382840330528
-1.0,-0.7478061360168049,-0.6850719399037547,-0.11520081260214748,-1.0,-0.43216777793977895,-3.239233053086764
1.0,1.0,-0.389454646744897,-0.5499863021017029,0.8411375438351816,1.0,3.726040086717333
0.8387417447560226,-0.7432287329257993,0.08984605153149816,-1.0,-0.2927689097064783,-0.2922383429223637,2.733481613017292
0.9948590017059273,0.05581186107484126,0.44097095560736643,1.0,-0.5192595247886249,1.0,2.9942515726058154
-1.0,-0.78162888649119,-1.0,0.7333806176728577,-0.8289431349996077,-1.0,-0.5019800997063485
0.2680682732995707,-0.002423658740887902,-0.550055003184212,0.4184762090498908,0.9155362027982749,1.0,4.097300528774901
0.7356278261114491,1.0,1.0,0.4885750315761967,-1.0,-0.6604773937696835,1.5200065811839074
0.950354042986134,1.0,0.30707688602533023,1.0,0.32702400131858844,-0.6071400483587501,1.6769234819410195
-0.7603588341399451,1.0,0.4596439644647473,-0.3480412711563393,-0.18941114070396614,-0.4420051260687454,-0.3127568567208081
0.6879699854688386,0.12067049192202473,0.18721762773051276,0.8269881123260623,-0.2934675701114243,0.8172318944133473,0.9792707842546464
-0.1322180990636529,-0.009353161746969096,-0.9334663471073275,0.5774225838372944,-0.6083118543094252,-0.7000077075218694,0.7107111249537437
-0.4069425083250401,0.09602316363625335,-1.0,0.6055778543262387,0.2746170311190217,1.0,7.293132780719174
-1.0,-1.0,-0.8628113503478425,-0.04535181377589653,-0.7730203264693534,-0.39734435434968396,-3.163438512895785
1.0,0.7649347432389335,-0.848870623877908,-0.6412294331651199,-0.2948171711655396,0.8559153026202104,5.587655600716578
1.0,0.7674309819613746,1.0,0.8446884779614929,-1.0,1.0,2.795747330352175
-0.03577402782328076,-0.9070998026856334,0.21322932826567442,0.6381823941175866,-0.40712663993044607,1.0,3.974187368818775
0.9629756642311631,1.0,0.15121087193543498,-0.48578642629146657,-1.0,-1.0,6.558064666814217
0.36345356260956485,0.1551284197793732,1.0,0.6471127789675497,-1.0,-0.0860155301069887,0.8929922079442855
-0.09001899480860931,-0.9306177623466487,-0.9776677500757812,0.23659467273066181,-0.7881043186469421,-0.8784497801769916,0.18361234596932252
0.29263562152589145,0.1163290050049684,-0.6674481203534051,-0.32990120008694945,-1.0,0.6858371910514952,3.323287604399122
-0.35577883281214984,-0.6725954841200237,-1.0,-1.0,-1.0,0.8816606295104223,5.127684318642133
-0.19912294591351817,-0.5716129714107051,-1.0,-1.0,-1.0,-1.0,3.2316378162552013
0.6392848503428386,-0.5802277291329084,-0.4514484675490942,-0.19500335399437096,-0.8845009181011086,-0.7471659136116164,3.5214321035208993
-0.0948022397514145,-1.0,-1.0,-0.5842995973248604,-0.575764498985398,-0.15691464843678918,-1.8944486378640046
-0.7321127366375157,-1.0,-1.0,-1.0,1.0,0.5956327624077273,-4.418070644737569
-1.0,-1.0,-0.6600712755155638,-1.0,0.8846560627775252,-0.1527106183929352,-3.183889548201829
0.9470928094191868,1.0,-0.5481401071129833,0.36839500205585907,-1.0,-0.9466912853352559,7.136465028733965
1.0,1.0,0.5427204297217578,0.23583048097343823,-0.5134390944793522,-0.8535200381154672,3.336883805748298
1.0,1.0,0.3482549527108916,0.7250947831030015,-1.0,-0.5244859242851158,5.857764750484104
-0.5752229819770376,-0.06780190996814295,-0.248303350585026,-1.0,-1.0,-0.26556007084160527,0.37907851300564305
-1.0,-0.2849252660335009,0.06588400493130664,-0.5839856278373388,-1.0,1.0,-1.343914036294387
0.7539565070986128,0.14755654618484443,1.0,0.1853659419599411,-0.5139636297164973,-0.6466228865592685,3.092931520344475
1.0,0.7015295371996313,-0.07775949430887386,-0.3521869919479343,1.0,-0.38376861034846965,-1.129322617513311
-0.7773397774780152,0.35521444891169535,0.980186585277939,0.074502109339803,-1.0,-1.0,-2.1272221940258613
-0.010108682626926602,-0.5679543054262943,-0.5477726808950193,-0.7475672706111188,1.0,0.833764343873941,0.8123499346975792
-0.0032381902653781935,-0.9190650270479215,0.8367757311013266,-1.0,0.24151571131920957,0.4871472414520466,-1.036675522215769
0.07473968125272823,-0.03433207316165232,0.060534829946348144,0.31749614323276465,-0.3639137425052152,0.6607865207190143,0.7631624915752032
0.050335365616406724,1.0,1.0,-0.728307598372339,0.9982105656629319,-0.007140758962945901,-2.247748916244974
-0.23355893102690511,-1.0,-0.9755092160974981,0.03710287187929445,0.28672738533706754,0.19568120748795037,-2.503109545160978
-0.03580908362039001,0.5749762910317875,0.48781422096081106,0.9378898627323496,0.09267470628844454,-0.008043638480787152,-0.12042593482064323
-0.16987454629758558,1.0,0.8621608892949106,0.20738270613430443,-1.0,0.2740701814917703,-3.6192820256935696
-0.17272214151919085,-1.0,-1.0,-0.6847587515320999,-0.07614562576227724,-1.0,2.815655083102658
0.3882282915617469,0.4376531727532713,0.16668052602735228,1.0,0.5020478567069421,0.9347517290474407,0.9068247696747241
-1.0,-0.6283439300503022,-0.35708953678774324,-1.0,-0.4944446143350447,0.5329745688382744,-2.231573673285274
0.7583597083698588,1.0,1.0,1.0,0.6275601145480172,0.6518779007098445,-8.356043104449304
0.8755043088350346,0.14669045721613372,-1.0,0.13163020492976724,-0.09257905951820156,0.5067511260021297,1.8044692301286407
0.5673065812807809,-1.0,-0.5499947352516776,-0.11871616749498737,1.0,0.34820509766541674,-2.6303300545959587
-0.5866682919053847,-0.2851753075750525,-1.0,0.30913831277624404,-0.32820612884303124,-1.0,4.53994528578664
1.0,1.0,0.7358713012742839,0.04927372328307311,1.0,-0.09751056762112431,-3.7128178840816055
0.4484172170781715,0.09404500511882108,1.0,0.20049230302025778,1.0,0.5598462817275922,-3.195190973919191
1.0,1.0,-0.04974099637924806,0.9989761480848109,-0.47238177176949725,-1.0,9.146947332573408
-0.7471321217249767,-0.5502142812696145,-0.5438329493023835,-1.0,-0.9979229298657595,-0.6397819528301394,1.7901996890338676
-0.47362704963309044,-1.0,-1.0,0.3498633731529516,0.468363131958047,1.0,4.229985429559097
-0.858595001464051,-0.8118568369803563,-1.0,-0.8562272705570655,-1.0,-0.09571268622797002,-2.243015955448666
-0.5657817673771868,-1.0,-0.09218155595669408,-1.0,0.3963562871036147,-1.0,5.5486401484354575
0.8645592427203184,1.0,1.0,0.09228680156187674,-0.24606680733810316,0.1086298541779841,-1.5701873343035335
0.21407342762854495,-0.1792711588549133,-1.0,0.7132049927542251,-0.02960453131190116,0.38924589019983025,0.24307128920373416
0.9066115655652016,0.31846105193310503,0.2655575849733174,0.21669642217561447,1.0,-0.12989787707756728,-2.480182956717555
-0.7305113245516586,-0.9668284065202267,0.012306338704367703,0.2956439446819251,0.08938153509745006,1.0,1.5355896709671966
0.5734792552351169,1.0,0.45466825893719354,0.3786543149953341,0.4218296720115696,-1.0,1.4419769466652166
-1.0,-0.3177345661810923,-0.054145233733774445,-0.720724896653861,-0.2956887412098569,-0.5515129713525162,0.6481051399430303
0.20439670763859458,-0.04049451769237278,-1.0,-1.0,1.0,-0.36579691500113864,-1.200463377533005
-0.46784836598449653,0.427768585472326,0.9433817518886709,0.150400830664689,0.39622362962383056,1.0,-0.6071142984835485
-1.0,-0.848114828168816,-0.33291754055719025,-1.0,1.0,-1.0,8.80430753556834
-1.0,0.2518744230469696,-0.04742832009238074,-0.7511014035498491,1.0,0.7570176118223365,5.821524822917642
1.0,1.0,0.3073535452312397,0.5260274287273297,-1.0,-0.30119369693186426,3.5838741153581406
-0.08412602855910767,-1.0,-0.17516269673275198,-0.48843720952825964,-0.5069804723355817,0.7414968767489789,0.5482691514100031
0.5824210753047104,0.9429501996351974,0.3338992984982937,0.8035659121053269,1.0,0.04202051475663393,-1.6009742705510501
-0.7395619641688886,-1.0,-0.9591824006560414,-1.0,-0.15016152552541867,0.6379245236252842,-4.451174394166231
-1.0,-1.0,-1.0,-0.5972223570432884,-0.21817816184656413,0.971639454298418,-0.48012111500583543
0.1074622116516813,-0.38546187974021623,0.04599623961708632,-0.6367518840225406,1.0,1.0,2.32189008496703
-0.998367323316927,-1.0,-1.0,-0.15016712750558292,-1.0,0.8987903155950303,-0.4740808775999046
-1.0,-1.0,-1.0,-1.0,0.6645762336175789,0.8836542797804301,-4.021533565449474
-0.7973995669796099,-0.9236232214765216,0.8145744627952574,-0.5546167384045136,1.0,-1.0,7.832121778736637
0.8864687752178313,0.6544549422739279,1.0,1.0,-0.1844461609423873,-1.0,3.60042848733631
-0.2553438308791103,0.4845663096839462,0.09878712311446841,-0.060525240539949454,0.571103858249048,-1.0,2.677397683490613
0.1261405178373387,0.39341072369960295,-0.8505085902096262,-0.7447878588977683,-0.8038650209818644,-0.080726693530622,0.0978755246076995
0.7536852079743173,1.0,-0.5084262011894126,0.12263502328762477,1.0,0.13543463342458628,-0.2990694636464744
1.0,1.0,1.0,1.0,0.6595404898816112,1.0,-8.911763924807747
0.8585041514714509,0.773508229312977,0.9034875440642807,1.0,-0.3324633856999264,1.0,-1.138498335750228
-0.47824589844122123,-1.0,-0.40450385892659657,-1.0,-1.0,-0.6647700370400218,4.623111973490144
0.45514236968680677,0.8310457872480129,-0.5349234990501547,0.374424511354598,0.029060401091864363,0.5399987232546735,1.9708536488224453
1.0,-0.5583343077343543,0.8061712479376346,1.0,-0.9596178923356993,-0.28253392084161855,5.127914513287468
1.0,0.6984173935460799,0.0820349272035078,0.7682357682608583,-0.2604373214470915,-0.33236863213970047,2.3639198797779595
0.2853908138638509,-1.0,-1.0,0.08848436080183797,-1.0,-0.9465252426986391,1.455867878180471
-0.43963906117312285,0.5947831640408503,-0.9220937598390568,-1.0,1.0,1.0,11.912560205279151
0.9644472575053837,0.14190162635044468,0.8107843989190445,1.0,-0.9555089560760848,-0.36811243185946896,4.480770406187868
0.7052705879978851,1.0,1.0,0.971686328006065,0.2302366688910663,1.0,-6.072384305115753
1.0,1.0,0.766567269409627,1.0,-0.5649661209431588,-0.925072584826438,7.240182749089705
1.0,0.4230284752443967,1.0,0.7129000132596957,0.7826024094795672,-0.10464583706603103,-3.3303015127810545
0.0768669099399168,-0.6394084864994831,0.8121366234933862,0.7663518482385373,-0.9485468985772567,-1.0,3.3505711077456697
0.681964479731666,1.0,0.9494157515979246,0.23544643464805126,-1.0,-0.273142555938771,-0.08058892490800487
0.05281123477493088,0.796761686850066,0.38327285133584194,0.9787798785461381,1.0,0.5420276379922597,-0.3966480906626116
-0.36818444206174167,0.6143375480639852,1.0,0.08480995821518977,0.7656431820294276,0.7567550875687952,-0.39685615081618225
1.0,1.0,0.22344593740594765,-0.015541092186972139,-0.7485605617387998,-1.0,5.717884548584206
0.9405543100803809,0.9582221216046911,0.3501569827377179,0.49329569245801297,0.1865934519279684,-0.413311857910148,-0.23734325540515147
1.0,0.7758261177790513,0.8015763951160413,0.19438818698343452,-0.4411788951798695,1.0,1.3532994872886475
-0.6166262983135499,-1.0,-1.0,-0.027649498479171725,-0.9385904931067005,-1.0,0.38741308195891083
1.0,0.33862722876189233,1.0,0.9498050912713603,-0.6276033446119623,-0.23992555916569835,2.841933416658969
0.7206983807445807,-0.018590869287910983,0.44475330125356194,1.0,-1.0,-0.692826493230716,5.317713920870965
1.0,1.0,1.0,0.7553825250911741,-0.11074993770974026,-1.0,2.541803846207819
0.7322270174583637,0.4408715962493163,-0.012455898095377449,-0.5089804683678175,-1.0,0.785054467986265,5.161228609559865
-0.6627676589979243,-0.41729603513306013,-0.6554649053852952,-0.19437110456183593,-0.6141576503452203,-1.0,2.261237630084479
-1.0,-1.0,1.0,0.047515778597689795,-0.44284654373988785,-0.9184460899412064,3.8438047317708204
0.9767174630556658,-1.0,0.4363663140973783,-0.8874320543415726,1.0,-1.0,6.798851555003718
-1.0,-0.2904933354617789,-0.4171504323042816,-0.06689395075565496,1.0,0.15124945710934012,1.1517254914996506
1.0,1.0,0.9924969899496889,-0.18984109302620106,0.9216704375742868,1.0,-4.8070395171710025
-0.317129933575271,-0.47385105817538614,-0.7640685040792704,-0.12919504703223086,0.3326572378725545,0.10892403036189302,0.4044878909450146
-0.3334829513927565,0.490357130621792,0.14996786113585714,0.8282661084672709,-0.9161037657730805,-0.8577576612459197,1.5376799093442066
-0.9053476735512436,0.17407233213395004,-0.577977779920362,-0.5138737094997182,1.0,-0.7114591227651405,3.459506076478929
1.0,0.8668047627688598,1.0,1.0,0.24953646686291775,0.6488961077755293,-4.3903631637011085
1.0,0.7275970689275026,1.0,1.0,-0.5260316052356143,-0.008069554569437143,1.786384605103543
-0.15364294216957064,-1.0,0.7779217670948273,-1.0,-1.0,-1.0,10.596033827809967
-0.35240793650593344,-1.0,-1.0,-1.0,-0.6043339821967089,-0.7914637165338526,1.5990562700899078
0.4451024743005311,1.0,-0.03036890877612783,-1.0,-0.06351195625455636,-1.0,1.2848168268560416
-0.6261307920044635,-0.26969421651104153,-0.6724138252937842,-1.0,-1.0,-0.8873204056856174,1.5825543922442171
1.0,0.6912900906797032,1.0,0.6371266414775028,-1.0,1.0,3.3271193508866865
-0.18761028078274566,-1.0,-0.26255392221157803,-1.0,0.6035684521003459,0.7535088523724627,-2.0316418468977058
1.0,0.1255690265452286,-0.6654148413851693,0.14101411984315515,-0.21856048218052326,0.2783338929836865,0.9640987491918827
0.9806088578964484,0.8884382516396021,0.2468784625818914,-0.4062857618650245,-1.0,-1.0,5.81636051693831
-0.5702777516787383,0.12593455872819903,-0.7349921990300551,1.0,-1.0,-1.0,1.0294399518386044
0.42727854955953715,-1.0,-0.7020369145479529,-0.9635651846621831,-1.0,-1.0,8.727112598753719
1.0,0.8643868021453782,-0.1572129761661245,1.0,0.7494467751196215,0.9518084798773668,0.4380045143574852
1.0,0.716885659866441,0.4992205876698266,1.0,0.484875081623394,1.0,-1.4942310565012171
0.8909164626243209,1.0,1.0,1.0,0.09988708472593766,0.1668565927398249,-3.3208157623744365
0.5071177284140231,-0.3700334626319488,-0.8959283091299093,-0.5284865813835542,1.0,0.0834512748935694,-2.352539072069417
-1.0,-1.0,-0.7768422783920113,-0.7145181291648066,0.5665018249543461,0.41934042538136984,-4.107080128804556
-1.0,-0.407661714273195,-0.9800349294264098,-0.8932873761995642,-0.6765058814680592,-1.0,4.357850294786866
-1.0,0.4352656224929404,0.5559102490421712,-1.0,-0.32406660475013394,-1.0,0.5309278779913496
0.4277996748066416,0.9113790969257185,0.19674936550920252,-0.7603620536711815,-1.0,0.11485505734555534,3.480312875042915
-0.9569025707947372,0.4355540270221261,-0.7917865626902395,-0.6949025679750556,-0.9094526407014125,0.04556788686319335,-2.0319045892069902
-0.9711324337474986,-1.0,-0.7363088436927758,-1.0,0.44442108210598985,0.44150412068024947,-5.3509206576296675
-0.019698729829095818,-0.7444907529458938,-1.0,-1.0,-0.16271689865525513,0.21311650289670592,-1.7909080857119006
-0.693438004655087,-0.22616008794572995,-0.06482503763176606,0.3653211728596485,0.4336853252379218,1.0,3.6500713701086145
-1.0,-1.0,-1.0,-0.7828906775151037,-0.5355281244166971,0.17696893506735192,-5.7962789248369315
-0.7347613181111254,-0.03391939272239215,1.0,-0.6696399136419549,-0.0017799254134855946,-1.0,2.2839965396937405
-0.16986942029070473,0.676544099034336,0.8338869486436151,-0.18279462950337272,-0.5491087979712574,-0.8166837590188765,-1.6921187219705425
-1.0,-1.0,-0.8557111159971691,-1.0,-0.23280060073451536,0.7360184569099806,-4.421950678106197
0.11840662542063662,1.0,0.9901410674086932,1.0,-0.7742563370829667,-0.6438538346311207,0.9830662924207236
-0.5465917692133606,-0.16556717598885684,-1.0,-0.6697854866007106,-1.0,-0.8077263892513449,0.14281576393632278
0.47121560982035043,0.7031946396787019,-0.9831837713327736,-1.0,-1.0,0.6298736960622591,6.930853704765692
-0.9943484157274569,-0.6355559582676678,-1.0,-1.0,-0.6658642667454376,0.21517431248088986,-3.5051239153252802
-1.0,-1.0,1.0,1.0,0.6133065656129301,-0.18323433773236164,0.4255848026853292
-0.11872867550152844,-0.6821613199285923,1.0,0.6217664810755076,0.7707621991388872,1.0,0.6016922146180974
0.49223051505333526,1.0,1.0,1.0,0.26126342871028985,-0.3646715615505103,-2.8587032680371998
-1.0,-0.7381082449332264,1.0,-0.38359497901543577,-1.0,-0.25108632100655015,-2.3332842944971155
-1.0,-1.0,-0.6903091131063704,-1.0,0.6094025537020351,0.1647658159727805,-4.842473780180641
-1.0,-0.8466036418776552,-0.7410312569839954,-0.9143357435742709,-0.23937663485827343,0.805724350272792,-3.034687344481393
0.6314012716810091,1.0,0.3627417332232392,1.0,-1.0,0.4405125737777903,3.3543278385773636
-0.7833775335031716,-1.0,-0.6209380166218319,-0.8154835984248738,-1.0,-1.0,3.2002257480130676
0.03137532123697562,0.9990931388009814,0.46096641546058614,0.6800594951434207,-1.0,-0.5911863430634348,-0.20199390152053054
0.25574498625515074,0.523863489047095,-0.016619767798102786,-0.30287630459101567,0.4385957393373302,0.6026809408029216,1.9519261419429532
0.5395296903650253,0.7550403734605862,1.0,1.0,0.30284359912806424,-0.43871569674355293,-1.3823882967307242
0.39926599333829416,-0.49101491380004825,-1.0,0.1562790225012597,-0.3866945899362357,-0.2627082457141205,-0.07014356948448891
1.0,-0.6162855024353573,-0.6005628730368199,0.9341176694000737,1.0,0.38447035850833444,-2.8479467795817035
-0.4108360907646138,-1.0,-0.5120034106867676,-1.0,-1.0,-0.3440334803448686,3.2029092462780846
1.0,1.0,0.3178545981629133,0.2658726640533422,0.8231375316669158,1.0,-0.20218171974340404
0.9017467693220798,0.44830116895602456,0.3844413422745373,1.0,-0.7512378105356926,-0.8745666486936418,7.033271894375517
-0.23265263592366697,0.4551558377072248,0.6994363642887313,0.48109255983087984,0.03113267369196243,-0.25630888801594237,0.16912206068635113
0.007698455506445767,-0.9322075448383785,0.13078362737360472,-1.0,1.0,0.4488794011821168,-0.46784617897483805
0.9967639166989631,1.0,0.060634079528708695,1.0,0.38363978085314643,0.8357249391039242,0.2600536732806277
-1.0,-0.7963100679892916,-1.0,-0.5813607088960044,0.500185180982826,0.23904826266564272,-2.5853420729836936
-1.0,-0.48262709975817775,0.3704504230663811,-1.0,-1.0,0.6171323904036159,-0.9166927753251477
-0.4311560826430443,-1.0,-0.5696440984489631,-1.0,1.0,0.9048629578220164,-0.44953180726572656
-0.9348638556200023,-1.0,-1.0,-0.0852417913615926,-0.5277541211125767,0.6169837107628013,-3.08862023621869
-0.16630444549748455,0.30415692285522045,-0.2153751034369213,-0.5064458587840626,-0.2526624619665449,-1.0,1.0955645289540645
-0.13989352826759427,-0.9196661055854731,-1.0,0.0070204525581882005,1.0,-1.0,0.6228664579754192
0.04281660138824661,0.3816554037233628,-0.3816392419642384,-0.023174622128745825,-0.16522345385578577,-0.5815640857331998,0.45341769421962896
0.636295156558071,0.06469416737125738,-1.0,-0.5459920726423648,-0.07911744429754142,0.4790650992782308,0.7926278333635524
-0.06876669312625427,-0.649668947863179,-0.5961332538145038,1.0,0.2718128912299833,1.0,4.131471040900408
-0.6152025827008746,-0.36809753331865624,-0.8530540299062086,-1.0,0.931608862522725,0.7758367149824664,2.653330547174251
-0.3144038505933586,1.0,-0.929555810398485,0.8617516353891016,0.42606986542212294,0.005542735415632813,1.2297189140456788
1.0,1.0,-1.0,1.0,-1.0,-1.0,11.796019579223705
-1.0,0.047766296399004815,0.9085992981615435,-1.0,-1.0,-1.0,-2.029545376067713
0.37888355990058176,-0.9356095075372911,-0.930686756922095,-0.20676807646726114,0.10510952025486156,1.0,2.1142085036099956
-1.0,-0.693214286340647,-1.0,-1.0,1.0,1.0,3.1110456592359226
-1.0,0.27322197145560656,-0.693541212425345,-1.0,1.0,1.0,9.38254391387217
0.01868759495482486,-0.9539443364607038,-0.7509318734909549,-0.20367307596524892,-0.62923718028101,0.4664645183282454,-1.0338722068046695
1.0,1.0,1.0,1.0,-1.0,-0.1740144269267292,5.184698418387081
1.0,1.0,0.6269997625528867,0.4794765719850693,0.5091380012503334,-0.028281330070787935,-3.620956164572067
0.04663769736433765,1.0,1.0,0.41089486185281876,-1.0,-0.2964808336805942,-2.322101859336568
0.5962329242632569,1.0,0.4339732302226611,0.4503286546853835,0.07280972472118352,0.22102857302084494,-1.5033776154833545
1.0,-1.0,0.5172791085190045,-0.4235039137659145,-0.5882967552210367,0.7331370833147566,4.123029398216823
-0.20998297938690702,0.16157657055202174,0.31994082945272495,-1.0,0.44023076547695306,0.10622439907370299,-0.017042244140883955
1.0,-0.3388357642678892,1.0,1.0,-0.09762279222785475,0.5371638444853651,-1.061055026161158
-0.27819737014871315,1.0,-0.6091965940101656,-0.3323295211471696,-0.3437109188037314,1.0,7.4335725112278705
-0.7003668518481863,-0.2502745885874196,-1.0,-0.035784921292179084,-0.5040647962684954,-1.0,3.149935341003858
-0.9466547891016632,0.7964270203408115,0.31760975744612713,0.6484746454756295,-1.0,-0.7554588500108765,-0.22273854329214748
-0.03489243416343896,1.0,1.0,0.6099651685351715,0.33477400824113046,-0.3851110097472915,-2.6052310947507693
-0.4838847859181754,-0.1278331950285398,-0.5405960084586454,-0.626562587098062,-0.1272660891405908,-0.12836065745673808,-0.2553525335068371
0.12149385891610165,0.27922456684644303,1.0,1.0,0.4532272225355293,1.0,-3.107056539725345
-0.879477023731855,-0.6674038464766141,-1.0,-0.2790427418888811,1.0,1.0,6.276862449475587
0.41108337767741915,-0.47997934318607205,-0.028321933336900362,-0.37055963614411663,0.8151971397700917,0.08874176020114999,-1.4096300143940717
-0.6112836082669839,-0.5377161877742014,-1.0,-0.9354558269639788,0.385214423291401,-1.0,4.832917019119891
1.0,1.0,-0.51685123643817,1.0,1.0,-0.8460585586777851,-0.7514747884213003
-0.15908257505251916,0.551089511372578,1.0,0.2632106154828568,-0.322328511402955,-0.8316727470336555,1.3732959591822413
0.3973982580814277,0.884813174124208,1.0,0.7826402415884357,0.21041066165776431,0.49514813572168664,-4.001609621418658
0.5239282672864145,0.9546004339222218,0.21933274899830998,-0.08281647304826734,-0.35802451813639813,-1.0,3.4066687285889286
0.9763667099161848,0.4474565316573375,1.0,0.7285044929355198,-1.0,-1.0,7.0231451210103435
1.0,-0.3461749600171974,-0.21956198329895463,1.0,-1.0,-0.04965924089353213,3.6559711682878344
-1.0,-0.7528511569347929,-0.5336068177715299,-1.0,1.0,0.8512625971558033,2.9298972283397475
0.911244907067783,1.0,1.0,-0.005498544752463919,0.6438165808428613,-0.5933219094069224,-2.6315028555717186
1.0,-0.17374460648898532,1.0,-0.2756122276803141,0.6025739126816947,0.7845375973678845,-4.53075640847848
0.7267079581346098,1.0,0.8376110027620628,-0.31604082188222654,-1.0,-0.2204759009518389,-0.18735481570823237
1.0,1.0,-0.32421496960346996,-0.25977438348596016,1.0,0.5369485138724989,0.5205047215991444
0.8216260088340108,0.41558149904187536,1.0,1.0,0.24922351630276143,-0.04224845372034031,-2.3455214960242015
-0.2180319091313037,-0.7475217282849871,-0.48195085164614226,1.0,1.0,0.48083545545757067,-0.020862332487469937
0.5764103523637492,-0.19437113035039058,0.10487764992878801,0.41168903347282376,0.6233579711872216,0.14701507468778852,-1.2396213983892013
-1.0,0.07800493307286199,-1.0,-0.8664394750184883,-0.6030221006173324,-1.0,2.6545576806733266
-0.040270610707603405,-1.0,-0.9847277114598474,-0.24823576835706979,0.19164872360645652,-0.8115363871148844,0.011465416325663363
-0.5931134161488125,-0.6650694549672997,0.30446791680090296,-0.5905041684967198,-0.9966864057812449,-0.23725168833982746,0.7554579082495995
1.0,1.0,1.0,0.7676491624147419,0.3527160604945323,1.0,-7.24610081175727
0.38927694204052177,-0.4623174425895885,1.0,0.26728535841421797,-1.0,-0.9936509256317468,3.4061813332349535
1.0,0.7508377816678311,1.0,1.0,0.2672107212244106,0.20374141111798338,-3.9774744754630422
0.15914031876332774,-1.0,0.5445020439141901,-0.7865858609674735,0.6491454628066611,-0.2559983803729823,1.7982575652558743
0.6779761347031145,1.0,-0.5983411362483287,0.5641445816153008,0.46756075141891973,-0.4158459869576683,0.4063363723727674
-1.0,-0.6624629685194894,-0.29496064961572943,-0.6486448815028869,-0.016463301645836426,-1.0,4.214647658196942
0.21553722896644611,1.0,1.0,0.6445000469513971,1.0,-0.0518567652023022,-4.347120243171623
-0.03442668033094154,0.37542485363158895,-0.678246905770516,-1.0,-0.7513457975628688,1.0,7.373724791460366
0.5432685137630785,0.4751551303105287,0.5303688673118483,0.451479296695008,0.6009958434255904,0.9761258366939778,0.3553881124421102
-1.0,-0.37293802046814273,0.8064480548107731,-0.7696912753025041,1.0,0.620303435054183,-0.4645615220958055
-1.0,-1.0,-1.0,-0.9390272093232089,1.0,-0.05176495206957277,-7.65457809809202
-0.731414935917466,-0.6287678314336358,-0.6615008371529716,-0.9487797874753521,0.7691453691505593,0.5529918873695467,0.9888293298175995
-0.5779665441688409,-0.33801196318502547,0.3372920577182278,0.07177808888885245,-0.3516182776290502,0.508397565912166,-0.8173916108573382
-1.0,-1.0,-0.750609347232867,-0.5064289437462588,-1.0,-1.0,2.1556419472980086
-1.0,-0.01839424970013348,-1.0,-1.0,0.6588491547658157,-0.3203063616500151,-0.4865822131354465
-0.5451054154581874,-1.0,-0.05202181857216459,-0.06930351036480786,0.6171353794151271,1.0,1.4743107515704061
-1.0,-1.0,-0.8832462151173318,-1.0,-0.6260931893948841,0.7650670501970839,-2.8950659756848154
-1.0,-0.709049441096788,-0.2711867399501633,-0.9555812090199617,-0.7221307059978196,-0.7937799327181929,2.8169704006552396
1.0,1.0,1.0,0.5503640428249508,-0.25466755615227665,1.0,-3.2004768519986184
1.0,-0.43725818976205755,0.8434017721424732,1.0,1.0,-0.12008432909388889,-4.523596079957505
0.504100344324524,-0.29829867587778225,0.8193345657159754,0.8565039547704438,-1.0,-0.5615640997276754,3.0206026816183247
-0.6025442323270507,-0.8158593779404575,-1.0,-1.0,-0.6130151130440715,1.0,2.6628047061559847
-0.9882592667014399,-1.0,-0.9550941233378825,-1.0,0.2715389379673614,1.0,-2.6363389227505474
0.7157692475348325,0.22729305778580278,0.3885227623869505,-0.02014659442621891,1.0,0.7558724158985184,-0.35622316353970707
-0.6763244943752162,0.7554341996854825,-0.7686422749488397,-0.628109261644652,0.49291382828172664,1.0,9.804935129734039
1.0,0.943828681497761,0.868922587574469,0.6589411801920493,-0.2799532280081519,-0.522749898002694,1.1452257756085293
0.6316004898954947,-0.43780816823479496,1.0,1.0,-0.2383808433400018,0.6825850000580147,-1.2878251731313795
0.7536426710252766,-0.45667069599263094,-0.9900854759563185,0.1418192918482981,1.0,-0.387169793337037,-4.105673558132429
-1.0,-0.16531664515367006,-1.0,-0.529469797073796,-0.21858288763115707,-1.0,5.654148970930312
-0.8573181617857382,0.7272238106607103,-0.000630110538129891,0.38148382726135854,-1.0,-1.0,-0.6425767795677306
-0.1411665807115028,-1.0,0.7027393372810746,0.11714989989564598,0.6296798272299606,0.18822177175501748,1.7789374003325793
-1.0,-0.3668517831254512,-0.6143146173544478,0.8681045606025874,0.8679810850294644,1.0,6.67035940193149
-1.0,-0.1537884697148524,0.7920583066271518,0.7453370413815973,0.22975021469852752,-0.8481552049751725,2.977688476566644
0.4923003198590811,0.12667717433621872,0.006890210170406252,1.0,-0.05971960201809445,-0.026545706996670165,-0.028165736908593864
0.7507099582822669,1.0,1.0,0.16576328841563037,0.6131438336720504,1.0,-4.876580784783189
-0.39042279182454487,-0.3561135424966624,0.4697739446390916,1.0,0.08188898636810295,0.2850130579943785,0.004287200698531779
1.0,1.0,0.31907796221512663,0.1888217478871107,0.2867425621592943,1.0,1.0429471066542906
-0.5484174534419429,1.0,-0.09320815028339602,-1.0,-0.022677234854705908,1.0,4.830987809547031
0.8082628701830279,-0.19385989581435442,-0.6159784260719217,0.6887185402648037,0.36868234970690317,0.1865246056725417,-1.6801141450255703
0.1417020140258226,0.048143823240150985,-0.6158982527799488,0.7798949674126443,-0.25037407387015786,0.8369290038281659,2.895845263570152
1.0,1.0,0.73941462849978,1.0,-0.14451214430436876,0.022664608123676766,-0.27539704515645846
0.49713138023655756,-0.14401731551617797,0.650015898771155,-1.0,1.0,-0.39896422118137237,-0.0393517842257225
0.901947461665132,1.0,0.7778279126211529,0.3697211356086321,0.3170154283616544,-0.07758329319519541,-2.722726555290439
1.0,-0.37233192605686877,-1.0,1.0,0.6807622570135305,0.9311590713361746,0.4760387789240652
1.0,0.06321405778265188,0.8361006760258209,1.0,-0.9651491538647216,-0.7075644369262073,6.361619350267211
0.194621565150649,-0.3945583259551871,0.31447586553579754,-0.7442791632873768,-1.0,-1.0,4.051279995690957
0.25877549266087696,0.4956856019439826,-0.3854814923069679,1.0,1.0,0.49620395320338306,0.3157253248366758
1.0,1.0,1.0,-0.43660295731092813,0.5174003864709287,0.881535797262228,-4.0489446874518755
1.0,0.17420213907919874,-1.0,0.8247132576124728,0.594034306916037,0.8547140033404783,0.2890409278780619
-0.7335512103518353,-0.3027372913917854,0.215882470353306,0.3910482764593388,-1.0,0.5169607722527175,-2.1897337317370322
1.0,1.0,1.0,0.881419922223476,1.0,0.9091434686196138,-8.822760911304753
-1.0,-0.7426255919398996,-1.0,-0.08390417367561631,-1.0,-1.0,0.6687443433952405
1.0,0.06269050300598145,1.0,-0.023090634432420515,-0.8135446158029791,-1.0,6.735607890916252
0.16358686065882022,0.36084485121332377,1.0,-0.0038629821400700814,-0.4666719492407274,-0.012882747634842762,-0.012555797258441068
1.0,1.0,0.933667940355257,0.9861063801437142,0.9469452217750187,-0.04727904365180868,-6.842835446201581
-0.49556322842221484,-1.0,-1.0,-1.0,-1.0,-1.0,5.0732118749986626
1.0,-0.48506032491956663,0.8845627896429289,-1.0,-0.47780487758853296,0.788788796372879,1.1679727959155535
-0.007970016760791204,-0.4690573801726414,0.8586371663261436,1.0,-0.2054458872997409,0.520433971435449,-1.695365757671285
1.0,-0.10218407294814935,0.2730052573299161,0.3691038134597405,-0.6917392702446252,0.9611137689215573,4.928721953253617
-1.0,0.3129856272684566,0.05383297912002616,0.470320081402188,0.7765279599766581,0.10357339548905281,2.440521987308701
-0.04850315674953975,0.6021982001442062,-0.32427415674904203,0.5065934540023206,-0.9907273159476416,-0.9331699844447376,1.906424899270926
-0.8277334385977198,-1.0,-0.2164320065923807,-0.6365761838371788,1.0,1.0,3.3343636223058892
0.8951841035551625,-1.0,-0.2645892664941436,0.7522229415568096,0.6744046482264132,1.0,1.1873529071096587
-0.20453223694679057,-1.0,-0.9272792670731345,-1.0,-0.27389346552273464,-0.6984999873341043,1.3221222253765452
0.24207892419807447,-0.49986087506579907,-0.2612048310579296,-0.4497374028837426,-1.0,-1.0,3.338649308538003
0.48258733061911235,0.4205277565511903,0.7397949014049571,-0.5104728138391836,1.0,0.3676780489633962,-0.4755881639460766
-0.028150884569421608,-0.5869926789183249,0.18203562366547762,-0.18564585073694118,-0.04509985480441475,0.8673176158710555,0.8138282172970881
-0.24774531466702315,0.2695526742928356,0.8070480183891582,-0.8836424632670971,0.04589765083523362,0.5719296424515465,-1.4411317941998572
-0.06219185313730016,-0.09996692956807571,1.0,-0.577561232088172,-1.0,-1.0,0.5486916410054851
-0.22993681772533414,-0.4687421785025482,0.6951809309002744,-0.9152591514179862,-1.0,-1.0,3.295329712830364
0.19658983591363066,-1.0,0.6631713559932354,-0.497396776493723,-0.8124637950843455,0.8478996264176355,2.820726189500054
0.06966708815364686,0.3125543269623175,-0.13645541876264966,-0.9311646049745849,-1.0,0.815409621564993,5.058112157992387
-0.3950856576913744,-0.05370914031132426,0.12012109703448526,0.941689870053942,1.0,1.0,5.811867326679944
-0.25874110665160127,0.6723989196567074,0.4133588672232695,0.19747393569300842,-0.07355414436436125,-0.04100544574767362,0.6039706502979687
-0.03327052288223237,-0.020639351251433125,-0.8059568320013154,-0.4209259670940214,0.44894276411264566,0.4234180349994472,1.2264620726292867
0.6239271591068385,1.0,1.0,0.8562605430469659,1.0,0.48296284922271415,-6.8736882490041715
0.2673250300397404,-0.8972518932292568,0.22948697824937303,-0.29238812216687204,-1.0,-0.6493828312881058,5.304657086046824
-0.32961430899133193,-0.6360203892352987,0.5964129416748389,0.22974588804508328,0.17274126497735454,0.5183404286562188,1.1852202010242614
-0.31919203698174603,1.0,0.035776211373949596,1.0,-0.47929901899704497,0.7167102623553142,0.07187843016467323
0.441388331008324,0.44343483081604806,0.37059612940820563,1.0,1.0,0.024149982145034832,-0.7785681318377637
-1.0,-0.17119032517624255,0.4381441596340516,-0.9679653998717592,0.29917655918458275,1.0,-0.0982199007120414
-0.7384978801942599,-0.4604738008224707,-1.0,-1.0,-1.0,1.0,5.95470896027555
-0.2951155625052632,-0.027365746493000512,-1.0,0.08415166939913389,-0.0695398147932604,-0.7800861359117595,1.1607831643360622
-1.0,-1.0,-1.0,-0.7198707262515633,0.8231018269401347,0.7661490552211654,-3.5785966248735317
0.5445236326964455,1.0,0.24071881778992882,0.7783360022967234,0.19491513833249338,-0.0907631965956168,-1.3239866632366037
-0.11078289948140702,0.007495906757743365,-0.01611585331219688,0.05472619755239383,-0.23352221952566332,0.24393158282603644,-0.04422364066477778
1.0,0.3497422749621605,0.22354599297167582,-0.18644619078883443,-0.6549437275044855,0.28757212950201855,1.9629567233153478
-0.5649285396317633,0.2021243405961224,-0.9890046023040928,0.3854527480269057,-0.7240832502602079,-1.0,2.628618815178894
0.8194119748585256,0.6318763354765299,-0.8041994104895565,0.38250268945328847,1.0,1.0,2.6397161679131234
-0.8216080550713827,-0.34107679518560263,-1.0,-1.0,0.2774086299098651,0.8612259002053735,2.808518228511646
-0.13087891004482888,-0.18889357642827934,0.727325420391828,-0.003303169972703357,-1.0,-1.0,0.021200573361029873
-0.8805638259685632,-0.7817019453460952,-0.5686066673342998,-0.7020476376857742,1.0,-0.6715481509853128,3.1330522963710563
0.15487274028355175,-0.010944641038190928,0.01829627500075357,-0.20237704529332523,-0.4824598072237057,-0.45919021284259715,0.3802913381932723
-1.0,-1.0,1.0,-0.2301526379719423,0.5175974907185834,-0.1792611456910237,4.4489149855913155
0.947747259807453,-0.6798910699065254,0.5210900855656223,0.46592638183472446,0.16281998301276956,0.5833237024781716,0.03718753217909235
-0.892159017850016,0.9134384259533828,-0.751694065593371,0.004758346640928002,-0.20844193869395183,0.38514856392603447,2.177908121303711
0.5362497118135409,0.026288952046866265,-1.0,-1.0,0.16942641600749409,-0.4589288569836852,-2.065109050529066
1.0,-0.0021764841866671603,1.0,0.05978922074933757,-1.0,0.20156497494985315,4.81700408549332
-0.7706690104021866,-0.4553459916941123,1.0,0.24419445746758062,0.3890587444578434,-0.38735528237266736,1.8273703624284265
0.9203467638052061,1.0,0.10723911347749704,0.6469325669039361,-0.28440714634060127,0.97886949285096,4.381564252988017
-1.0,-0.46185261476378847,0.45810433348891016,0.1897020887755192,-0.01857755862033103,-0.36129792372064984,0.2600101945180886
0.18668973850101633,1.0,1.0,0.3595326792401874,-0.2181846980303932,-0.8885901923545354,-0.15302354285721276
0.01645994195975657,0.45470679846562656,-0.5808961301258676,-0.07838518999765082,0.9562568343833617,0.5240247607942778,2.4089064346763944
-0.47196242718717696,-0.9549738886565693,-0.47854656813174085,0.02223767532411347,0.8931229458317498,0.5057793036407248,-0.49161576380029515
1.0,1.0,0.2820210468710542,0.5783405784728974,1.0,0.13391965908290193,-3.007791346013945
-1.0,-1.0,-1.0,-0.1725493459520515,0.33201381161069443,0.0661745335656829,-4.207560160971537
-1.0,0.13438508183398418,1.0,0.06286481059224536,-0.615873129488252,-0.17072027830790934,-1.7246890035871216
-1.0,-1.0,0.0709001443801468,-1.0,-1.0,-0.004932090513784293,1.561256438462722
1.0,-1.0,1.0,-1.0,0.43651883212746356,1.0,-6.097918464220725
0.41445511698718973,-0.5254862058438684,-0.062392752017606745,-0.04959132859238058,-0.10379896105777914,0.10783140143683034,0.5276632396719546
0.46187629707474165,0.21912696076254623,-0.38176053925769937,1.0,0.22053957225130344,-0.6778264241134653,0.7227969572441988
-0.6958827724715796,0.39498065024418444,-0.43045594235333706,-0.5672949582753539,1.0,1.0,7.1330853625493225
1.0,-0.09312839537762096,-1.0,-0.16584966487610403,0.39619278598600544,0.36315881249867865,-0.712096746759116
-0.5122603309036888,-1.0,0.4944228235641148,-0.2003103766636969,0.5330457369726765,-1.0,7.0516484231933605
0.9550416340665224,0.18063317751472235,0.7122333700291401,0.5275799852031074,0.05496419596864355,0.38798467936479325,-1.3199458015191001
-0.9088981540871557,-1.0,-1.0,-1.0,-0.7038186474412339,0.6487363692449156,-3.0051906010913707
0.5425967030499129,0.48551811934426886,-0.34870226238604574,0.4653930515186028,1.0,1.0,3.678438718570939
-0.17878197944428081,0.9166509816130758,0.5618186817957848,-1.0,-0.0852884281785985,-1.0,-1.3697315911280954
0.853520431986933,0.6803980036422859,-0.1685724469294676,0.6390843415105468,-0.19580908943328978,-0.0013968298181356031,0.3885399109533195
-0.014486506522288944,-1.0,0.1395118840846013,0.4884673577556341,-0.7598202750428183,0.018640694692341253,1.351237926395512
-0.898479532494773,-0.6747158180220401,-1.0,-1.0,-0.5463842694147102,0.06388709454969696,-3.262284277337909
0.15673503690549595,0.6716202178581885,0.011997815744755613,0.44870840494377906,1.0,1.0,4.117518428775021
0.37906972171407705,0.7215097942944111,0.7823217465166857,0.6881916302516218,1.0,1.0,-0.40385243234984053
-0.5897043502607959,-1.0,-0.35884759312502595,-0.799745650322683,-0.37494878973956935,-0.8911206739184647,3.2534253429394306
-0.12363512414638314,-0.2567438690633968,-1.0,-0.5647583202149666,-1.0,-0.6506726807662293,-0.9557019134731387
0.715508436724298,0.8409396278919146,1.0,-0.0742514593228134,-1.0,-1.0,2.0262627844861107
-0.8352584417215128,-0.23483152383536,-0.09077960976463084,-1.0,-0.20851710621109776,-0.28763623515974607,1.3554984283731175
-0.24250509166705037,0.8341118796879267,-0.8373357932741927,0.043647284982277046,-0.5559411824376985,0.6818073254076299,4.000770189676805
0.11116619138178074,0.1323298900736059,0.4269774887764589,0.7357479607994903,1.0,0.06836865369344108,-0.42292755786303926
-0.3582380073851765,0.091312889877809,0.4869051954869636,-0.010102318225521573,0.9403933658671428,0.8379347143643268,1.8117307854354412
-0.6669624059117347,-1.0,-1.0,-0.4381088601453969,-0.05199324546485526,-0.7894070348671263,0.9238474279602621
-1.0,-1.0,-1.0,-0.8762123255846395,1.0,1.0,-0.4758392719337563
0.846453788005047,0.9839848597904757,0.5998884125759323,-0.00022464417708090156,1.0,1.0,-0.42565566937398036
-0.030199002221206778,0.20221170764922203,-0.9216903913536751,0.5520518820426812,0.9975935268634862,1.0,6.557299962996644
-0.962448102199063,-1.0,-1.0,0.1465381741935161,0.021424160727523622,1.0,2.9441085134528207
0.35163208464378637,-0.23094112067936512,0.900575971371062,0.5935093908887003,-1.0,-0.9900054667654918,2.896258731490281
0.7636668076699398,0.2927103288372692,0.604656348801379,0.5922579460174837,-1.0,-1.0,7.9335609545477
-0.4501925082545968,-1.0,-0.7957574662063129,-0.3733148160982269,0.1527049090025987,0.009416573710454346,-2.880467344664372
-0.3697742171321532,-1.0,-0.580191803124811,-1.0,0.7969237039042336,0.20156292189246128,-1.929231603248789
0.6827583892031162,0.9726397246049722,0.7783611007547074,0.9617265655994798,-1.0,-1.0,7.066745750548227
0.3512668019173415,1.0,0.24147465132848134,1.0,-0.4026100041297268,-0.03987884282473109,1.6555685467880954
-1.0,-1.0,-1.0,0.8557751683461717,-0.018093961254265822,1.0,2.003968359169987
1.0,0.9380236118777773,0.27923363656050704,-0.3453864147109288,-0.2933014654082886,0.6499353089141853,1.4511122526480067
1.0,0.7711341191867469,-0.2641499269649648,0.4754433608473661,1.0,1.0,1.4426077365765073
-0.32001349530610795,-1.0,-0.40393845851473614,0.3363069076018132,-0.7087270957341472,-1.0,1.7732384362405815
-1.0,-0.00145723935724007,-0.6311256270083818,0.05081799382272889,1.0,0.4930054199216556,2.4325869936140117
0.022999134441729352,-0.6676414283711634,1.0,0.7823252521844735,-0.2504620034127546,0.3497777982898112,-0.32678475778730365
0.8594153823296493,0.12943220140986966,1.0,1.0,-0.5072095917056076,1.0,-0.5029977197151754
0.8581741150300233,1.0,0.5249684017293788,-0.455394477000388,-0.03404409230384532,-0.9530745485643072,0.6883776825163015
0.4659485611544978,-0.5072521569989341,0.12231228467224309,0.7184790516105906,0.8110513784471947,1.0,3.7741150220348705
0.5916834037580241,1.0,0.7580241107136386,0.3616189122346093,0.42368215928758624,0.77531758350992,-1.9613290502967322
-0.4202445000337853,-0.4285346444134062,1.0,0.9606232923365592,-0.40386188764371145,1.0,-3.2143868715698205
-1.0,0.5770004793569822,-0.3743860137386127,-0.6268204830678455,1.0,1.0,9.292789553525948
1.0,-0.36458040903711086,0.5778530093680643,0.12517815973053203,-0.73102812324584,1.0,4.664674634918862
1.0,1.0,1.0,1.0,-0.2747860834686894,-1.0,4.212491742918412
-1.0,-1.0,-1.0,-1.0,-0.35500748666905535,0.2281446814450998,-7.175513902238722
0.25319214795970946,-1.0,-1.0,-1.0,0.511231477452648,0.23888677565702054,-5.000988945060083
1.0,0.3691621703521484,-0.3473238054159603,0.0852824778144578,1.0,0.1712718550180251,-2.723839693563551
0.5297000594676322,-1.0,0.5263963416814912,-1.0,-0.20673010764325628,1.0,2.255137781249063
0.10596629841230554,0.19507685554529997,1.0,0.8382522940679611,0.28520001783248566,0.5283337441149378,-2.473116867199521
1.0,1.0,1.0,0.39165991703880065,0.8348663201380472,0.8245521612343123,-5.7092359899487555
0.12034399051321998,0.9341395087060385,1.0,0.052129607411388834,0.6688997034020943,-1.0,-1.3616865706899113
-0.8717640685965284,-0.20317773816894835,-0.6156783426464031,-0.17234670381004724,-1.0,0.7013726529165032,-0.022421385565011387
-0.5912911835443897,-0.018989238636027306,-1.0,-0.6665841659512592,-1.0,-0.868013321194022,-0.49840726170845434
0.22234875435624568,0.550618498764649,-1.0,-0.8965160376414063,-1.0,-0.13869987599305333,-0.034338231831971155
1.0,1.0,0.5960821511619072,0.6919785543695518,-1.0,0.09650004710567905,2.7846081497800945
-1.0,-0.4538562512423888,-0.4211108418959542,-1.0,-0.23408788217443222,-0.7529726689601663,2.3277735659582803
-1.0,-0.5376687900157151,-0.11422561288006383,0.28745726840293717,0.16719379980981142,0.6054649212840257,0.6720934447239253
-0.227254047090233,-1.0,-0.8181863554040667,-0.6997670643805571,-0.402414385628345,-1.0,2.6174686847807376
-0.6281479017696744,-0.01666976848071467,0.7046624615546406,0.15317873675125804,0.8995671326254341,-1.0,3.4031490887092404
-0.06773002114233984,-0.7496303755426906,-0.3274085657191427,-0.8717843156513028,-1.0,0.5270176214831468,2.5368578875964327
1.0,1.0,1.0,0.830684495566663,0.4493667471277103,-0.0951158297735993,-3.7836374668486767
-0.3087782115088158,-0.03416384468750744,-0.21882917301736493,-1.0,-1.0,-0.36671347007574084,1.219220947526611
0.03721291187644049,-1.0,1.0,-1.0,-0.39925057668389297,1.0,-1.1646306436499392
-0.15515082464520502,-0.5520387187961229,1.0,-0.6830942352566629,1.0,1.0,-2.3905127422951273
1.0,-0.687708891288016,-0.4528914690561672,0.9127569760545216,-1.0,-0.32408820336615696,4.3620336019486965
-0.6810332416662828,-0.4218890590885729,-0.8265065076590894,-1.0,1.0,-0.7315829121707137,3.3949173993837207
0.540316257190125,0.5517004872495473,0.8049555485247404,0.35279736308557225,0.6057529324937533,-0.4161753127937901,-0.9696433769316328
-0.8516119871395456,0.736684966508741,1.0,-0.054604005360158636,1.0,0.5153805987128377,-2.161321574297995
-1.0,-0.13126930828164496,0.5906710906256201,0.9676003062187377,1.0,-0.17626168871229114,1.6579699548774576
1.0,1.0,1.0,0.8021244880931984,-1.0,-0.8660849567527928,6.844417469231003
1.0,-0.16343345762140782,1.0,0.3613103272328654,-1.0,-0.9850676947532955,8.6097262896286
-1.0,-1.0,-1.0,-0.8284306572922024,-0.04124862922886907,-0.3906246379351982,-4.090027661197515
0.6575212974313495,0.5252749428049697,-0.5825483066517553,0.5681540184444053,-1.0,0.15246079945311197,3.0892457662197046
-1.0,-0.7647794266635908,-0.7914163655122382,-0.10723273699347091,-0.2201676559038245,1.0,2.580202167106634
-0.7980652037117855,-0.5348054708417604,0.006137775505752896,0.21099690068079643,-0.7149135193267127,-1.0,1.7638167853628253
0.0560051210307133,-0.5162097028764883,-1.0,-0.48173613181299557,-0.036030515510511174,-0.37987728799846754,0.12724124996152675
0.8878068595642541,0.06571529373622764,-0.8424175539042627,-0.9030211512468852,1.0,0.7392352693770896,-1.4506671594486096
-1.0,-0.18383665909790747,-0.9467004945910957,-0.6106545412175405,-1.0,-1.0,1.8723471944216574
1.0,-1.0,1.0,-0.632267861871499,-0.7260971675393615,-1.0,13.478781243847463
0.600367109263744,1.0,0.39975845951461375,1.0,0.47488911949403645,-0.14914091579610503,-1.4030767628247751
1.0,0.21953347278678842,0.07071755771718224,1.0,-0.025233140721650567,-1.0,5.094590501770877
-0.7786331217922038,0.3966578414739648,0.2583347771908538,-0.35665283333708175,0.9165249019991963,0.522307035392048,2.8084410769999457
0.3876455644268557,-0.44733922182700375,-0.43949595019521925,0.2586648815757574,-0.16231496910711435,-0.27765204090710005,0.5472547729836448
-1.0,-1.0,-0.5394854887877889,-1.0,1.0,0.32267490387522413,-3.0041536914068576
0.5029007277369644,0.3344133185282616,0.6316797849802285,0.8899650847589053,-0.5430080994756598,-0.5853435128669656,2.3706442718255962
-0.23344427662387546,-0.5780429075163829,-0.7529662064385918,-1.0,0.8524918399910499,0.015160034911414072,0.023794095397051573
-0.7285722542377447,-0.1846098704496138,-1.0,-0.1683307295562079,-0.7506310925997979,-0.3997745341894809,-1.580911486337554
0.1460306140877754,-1.0,-1.0,0.3793126619222367,0.5683710984163597,0.5980621248692337,-1.120624567741825
1.0,1.0,1.0,1.0,-1.0,-0.20266007024618937,4.703915273403341
-0.7213210011030347,1.0,-0.7991687018897783,0.05119610442793464,-0.20844652694819113,-0.3052821877926387,2.392517739495477
-0.2326647917087875,0.5621818888680006,-0.5027113076693194,0.5254812813492872,-1.0,-1.0,1.0802674720357028
0.178057383896553,-1.0,-0.0621656381011666,-1.0,-1.0,-1.0,9.927671600465848
1.0,0.32340051234382283,1.0,0.509925070247085,-0.9186938830700735,0.10606904157943631,3.7103417141225696
1.0,-0.11877474490078255,-0.25118489560554813,0.5569654014927982,1.0,-0.38491001454690044,-1.5356675495438057
0.9334114727500218,0.4400444438986118,1.0,1.0,-0.29036214416693806,-0.17609088203759915,0.6675657433109705
-1.0,-1.0,-0.10379012941904864,-0.9355904953064538,0.11421685678144744,-1.0,5.482894349461242
0.8319142533821123,-0.2921405550934172,0.9819177136776484,1.0,-0.00026654226748434873,-1.0,3.5585585911555184
-1.0,-1.0,-0.6988313695243882,-0.9473507900556797,-0.9134819903880873,-1.0,4.258397609798975
-0.5740104708434841,-1.0,0.5520184247615926,-0.5941493391518152,1.0,-0.2780017215373445,3.1730347131709857
1.0,1.0,-0.10625062185557632,0.5219383149489569,-0.3028043682156646,-1.0,4.854842042944334
-0.18816510105075168,-1.0,-0.5018516470968659,-1.0,0.4040816993833133,0.5209211846328197,-2.1896830000049587
0.2937124573958705,0.1577910182193986,0.7593500414437515,0.9182501123063362,-1.0,0.12269525817254434,0.4062728190555413
-0.4067048078337299,-1.0,0.6325524826404764,0.2542413762762422,1.0,-0.3806601451325988,3.706091484929084
1.0,1.0,0.34879545920457056,0.9421532994777562,1.0,0.4407334724801414,-2.3832672246648876
0.27383224380169846,0.8360987490218997,0.7625686898117335,0.903577996435247,-0.6715580124666114,-0.8027413656640434,2.178274279568469
0.9691564971138897,0.17747085984602673,1.0,0.8731257246746349,1.0,-0.5414915674422031,-3.5970403462676885
-0.8566224124996806,-0.6471077999350856,-0.7446716445947369,-1.0,0.8768972018124241,-0.1131441526516812,-0.5243614858905024
0.232142852198282,-0.6193491364832473,1.0,0.5370233396054838,0.47162186546843937,0.6430755216747401,-1.9225690332300687
-0.673109395322208,0.09764829632855665,0.2155982479166474,-1.0,-1.0,-0.19517458421707867,-0.34337001472799444
0.896001966659575,0.684816791442666,-0.2677158092407339,1.0,0.21077690473727761,0.6659229303745537,1.2198562712890118
0.24540976049629962,0.5071252921925946,-0.4260129387740897,0.10467350739545056,-1.0,-0.8956196035943917,1.5420955768944458
-0.43158728815164493,-1.0,-0.9303618338225257,-1.0,0.1888086386115696,-0.16864751028480748,-4.80002679261252
0.711167884761616,1.0,0.2759794429207112,0.13224948578630302,0.08870072289326059,1.0,1.992533930176538
-1.0,0.15253179810954412,-0.9418082152035678,-0.6118119657669824,0.8141371012842465,-0.42037119618278196,1.4459946154570074
-0.8110691895479393,-1.0,0.5346566518676528,-0.8585872308280031,-0.07009321114864164,-0.35092738734308515,1.595419256701394
-1.0,-0.7042924906239892,-1.0,-1.0,-0.2512052750427474,0.11400045742768294,-4.051320787550422
-0.04732484867598419,0.09563208087539277,-0.9194342264867412,-0.5334659867189209,-0.2650661113311106,-0.15675405585001023,-0.9047464335352282
0.6093991635702398,0.02200143222268288,-0.8323977742773006,0.6108719303475254,0.2405523492672036,1.0,3.9081401270411535
0.43300381280506506,1.0,0.9841749786490028,0.7283818640937385,-0.2336917314756436,1.0,-3.855064770650426
-0.498534875977839,0.48925384346189565,-0.22546787813009894,-0.6328838647145523,-0.38147301765520525,-1.0,1.11976418199012
0.43031099217890467,0.42464750190396416,-0.5062655974495925,0.4979910684577753,1.0,0.640129998323113,0.9025338541473468
0.3276754065823142,0.06287474375167723,0.4157200866501993,0.21978395790271832,-0.10830916576030736,-1.0,3.408745516393403
1.0,1.0,1.0,0.5135111011493887,-0.5447318966354859,-1.0,3.750802571602781
1.0,0.2883680731344444,1.0,0.5915319535029528,-1.0,-0.37857344360793277,5.397001753739783
0.4879551592412099,0.2681245938096425,0.8026333825971744,0.2838332764258833,1.0,0.8936708993059924,-1.5528703486977542
0.7088572546444921,0.8885330653994956,0.4844968294178556,-0.17048778981548102,1.0,1.0,1.7731098160788419
0.6825151327784156,0.13909703017791974,1.0,0.12494724591079698,0.16999694071649873,1.0,-2.690440106340794
-1.0,-0.2988042646411395,-1.0,-0.4055122858788993,-0.2635675035482584,-0.1842712992085221,-2.136925612676782
0.6075032858092924,0.41627625671641466,-1.0,0.6602573156979342,-1.0,-1.0,4.050904805916894
-1.0,-0.3360704479096843,-0.24672339787024078,-1.0,-0.9738765394076723,-0.05571398928761773,0.45848753110553325
1.0,-0.07911182124611948,1.0,0.1786067128332134,0.5366381024582358,1.0,-4.529249827643739
0.44300043727387717,0.3300215890407209,0.7272893405330738,1.0,1.0,0.5173637650439947,-2.811715110349121
1.0,-0.4385867913628109,0.9729186071416286,0.13805031416854974,1.0,1.0,-6.189865388811018
-0.05739376102323135,-0.8108812173055966,0.042845202824625894,-0.6864468583775852,1.0,0.1846883857763409,0.5094431313719043
0.004339888459936714,1.0,0.06881893722474186,0.8792022435194302,-1.0,-0.3562704566308368,2.7205762473650617
1.0,1.0,-0.974458354920767,0.3324764435664175,-0.21181444732016064,-0.5842190237132416,3.2797192673877325
-1.0,-0.8799661886795485,-1.0,-1.0,-0.4497762280592723,-1.0,3.3706871373030105
0.18067047009864545,0.08274658743182894,1.0,0.8987031853525107,0.46171406534898096,1.0,-1.8829152531089655
0.38577353754729815,1.0,0.8428750596633754,0.0770547414912286,1.0,-0.7846930211810536,-2.4846483429418167
-0.20776918676348743,-1.0,0.19806136291841647,-0.4971311597903063,0.7737664907611853,-0.18864399498788545,1.896663871883839
-0.7477356901171169,1.0,-0.7563135307526359,1.0,0.020274661261368017,-0.34444497139813324,1.5570169594218553
0.5275807178473293,-0.22833715824153522,-0.3310437369786039,-0.5614454052128168,0.3515993927444351,1.0,2.166384432716772
-0.2719679674005513,-1.0,-1.0,-0.6080466205380851,-1.0,-0.7418687407461892,0.7335833897512325
0.3895698747441092,1.0,0.16279169993796525,0.04655270582704829,-0.5112536031014783,0.13475252044903563,0.1656718040179074
-0.569303580931914,-1.0,-1.0,-0.49587570961559346,-0.23894138329156978,1.0,2.154934486635797
0.9627027527082561,1.0,1.0,1.0,-0.44480196743141587,-0.9053090434582147,4.722984448421062
-0.3713044804287595,-1.0,-1.0,0.5636557634404439,-0.026068631218441718,-0.7151263733025277,-1.6118685709592946
0.5761283935058934,0.7314561753036297,-0.08996181385306512,-1.0,1.0,0.12103262517109936,1.1497389564959994
1.0,0.594288024934454,-1.0,1.0,-0.2931370277625489,0.6095155594296984,2.057437965742561
-1.0,-0.3902126191448168,0.8828426811545145,-0.2972044837202319,0.13527682645627825,-0.653827557410017,3.1074448605278833
-0.6234939030652898,-1.0,-1.0,-1.0,-0.5124990976965811,-1.0,4.23188871367212
-0.6932700394262773,-0.6769775663740858,0.4446196229970273,0.32158257752357977,-0.1780898197409691,-1.0,3.337160374597973
-0.7794199241019626,1.0,-0.37971045877391374,-0.038680501257773225,1.0,0.5601265214903497,5.522881492812664
0.8233300524959952,1.0,0.2924046364199566,0.897083807733588,0.8691154401043888,-0.16075367510277233,-2.622049152471116
-0.19849206307666245,1.0,1.0,1.0,0.3946364847414165,0.67358090967166,-6.571228649616307
-0.3954319821027634,0.6472595094083706,0.26947322605286816,0.5939425150382711,0.38316360538579675,1.0,2.305808463769476
-0.1317851630846909,-1.0,0.11652561937410427,-1.0,-0.7277707314950963,-1.0,7.9759111553774416
0.6002251530823705,0.2957073531113681,0.6251066313842721,1.0,-1.0,0.2036660258580285,2.2594170509511744
-1.0,0.8855676666953487,0.3624708557047651,-0.13593192685440747,0.012948367393066124,-0.5696838935741513,0.16956014530655714
1.0,0.6867896348358682,0.11488604578388367,0.9816536888703332,-0.561608512983365,-1.0,9.496047035725129
0.5821707603751106,-0.9607741700156235,-1.0,0.46755886389904205,-1.0,-1.0,2.740488449447197
-1.0,-0.3026774545740567,0.7576797777172677,0.7734325595090645,-1.0,-0.8229673722637092,-2.920307941365968
1.0,-1.0,-0.40522375905520486,0.3063448995860545,1.0,0.563408128623189,-3.620484428868152
-1.0,0.23325343465911574,-0.48595681361208287,0.39260912752151866,-1.0,-1.0,-1.772489539442911
0.17139601370458096,-0.17139701677268027,-1.0,-0.6024163085467209,-0.08729407187588623,1.0,5.778626990604839
-1.0,-0.6954762140376816,-1.0,-1.0,-1.0,-1.0,3.389473492219042
-0.23601394292993727,0.38297140319522516,0.1652263316268786,-0.17350717705692076,-0.45921731231891055,0.15217652063418463,0.4284829868541099
0.41943071330911397,1.0,1.0,0.1874926782467321,0.1621053175382694,-0.7875419083431686,-0.9833065700661421
0.4723674757714501,0.5045602291604574,-0.5232578032931829,-0.917885243924826,0.5558029421428273,0.5943024561289378,1.879368488136863
-1.0,-1.0,-0.31079263627224185,0.21839672910568675,-0.4071212800612789,-1.0,2.4509550320543783
0.11538795228305804,0.8297666250919955,0.30799877941969456,-1.0,0.016173934956768832,0.24429342402735077,0.09216126984977006
-0.19852082282139571,-0.43833064566033253,-0.8630176754132683,-0.5817248050800139,-1.0,-1.0,2.2742171814413865
0.5112915332864514,0.004504868259809891,0.24005111038457616,-1.0,-1.0,-0.726998358537982,5.166049729194161
-0.7421050693910424,0.5179851555699442,-0.906201376593194,-0.9615894652937917,-0.47756325016415047,-0.6867350484661032,-1.0548108572120976
-0.6658219732830727,1.0,0.405686577473675,-1.0,0.11220585760038684,1.0,0.24712841469871405
0.2433519132142501,-0.5590287475643179,-0.8395897580193359,-0.20568895564354595,1.0,-0.04613788565807325,-2.466451391384754
1.0,0.5914421905082714,0.9158812807796384,1.0,0.8364309859683524,-0.2221913319214335,-4.553646517355397
-0.06006888417572509,-1.0,-0.05676468451536576,-0.02835309371819772,-0.5369795760791989,-0.6273940292879283,1.3301332669948458
0.7029506091248413,0.2625831228517416,0.5847164849768923,-0.22446107673729415,0.18540532282427308,-0.6115675039635402,1.3868288084008158
-0.07659455636659018,-0.8152023265216044,-0.7152304338859667,-0.48288310350572994,-1.0,-0.3928847740205217,0.13833922368688206
0.04061322062536926,0.3460349613547178,0.4075152528263384,0.6846285841463424,-1.0,0.3625587155648945,-0.4824917215547099
0.9762888542653773,0.9584253665171818,0.9112412239296226,-0.01367642100891664,1.0,-0.10304188833958716,-3.608442025545257
-0.639490422388098,0.7879224849353464,0.09831742823936523,0.06873843838369464,0.21309548442007498,-0.5196955103715245,1.53264899387281
-0.5072071351444474,-0.1035919808595619,-1.0,-1.0,-0.7748314465047633,-0.8779121542288238,0.8648407556318874
0.9305018799525749,-0.4046454174616706,0.37654269589267414,-0.5832939057173419,1.0,1.0,-2.4236655697400153
-1.0,-1.0,-0.5625522535239045,-0.11964940185436662,1.0,0.2632558223749153,-0.28170474988787975
-0.6158846646514582,-1.0,-1.0,-0.45338347260215706,0.17363697322793126,0.9866090076764662,2.283234972513692
-0.1648947154985242,0.3805156928907076,-0.14923682082148246,-0.44607738856992124,0.9980796911156409,0.8701595186860969,4.664607616880779
-0.6756978979582733,1.0,1.0,1.0,0.0665510619568559,0.9984677638655259,-7.131820447675221
-0.6507518980431899,-0.685349391553557,-0.7387715909543442,-0.9668220598621946,0.3949209873609326,-1.0,4.3594500400984995
0.2442791067457838,-0.4402048778403903,-0.8820833714662875,-1.0,-0.5388532832338582,-1.0,3.5645505740554673
1.0,0.7384111547558991,1.0,0.21470315725083,0.7020590196526183,0.9358805226747502,-5.4799262748951945
-0.37419920458195843,0.6068127428146909,0.3691948304138934,0.4611354286496889,-1.0,-0.013943114737329898,-0.44458762453365197
-0.14360614478519823,0.5084018390713032,-0.022225946561887144,0.8220369680721618,1.0,0.2765453308965938,1.2123527941330623
-0.19762383770491881,0.21529601684382593,-0.3619538004776389,-1.0,-1.0,-0.9554431844899569,0.34042466412647987
0.45640833006219905,-0.9190774514472105,-0.20052615666297302,-0.8468007948548827,0.009193069808482002,-1.0,5.686988535069265
0.39361202606969725,-1.0,-0.4544212017877418,1.0,0.954188396495602,1.0,2.9827511662299626
0.27721872615785026,0.6064893137135448,1.0,0.4546458128728261,-1.0,-1.0,2.0424632203112885
1.0,0.11226699060330025,1.0,1.0,-0.33550286223414433,-1.0,5.3341828575024275
1.0,-0.7384202823272901,0.6234653923863087,0.26698809516409955,-0.8586400917663306,-1.0,11.017284463134404
0.09824758505460596,-0.09390195355168252,-0.056509406410428044,1.0,0.1647657303906946,-0.7366566786654842,2.081039730540629
0.7145856355517134,0.7533767500167445,1.0,0.8424189619003027,-0.722649505001273,-0.8847950970294145,4.326940496877801
0.28135554262323803,-0.9328639793610067,0.43890206215772576,-0.1461938512285218,-1.0,-0.23476279961675028,2.739853233525145
-0.31884705222149984,-1.0,0.3635710871859915,-0.3275825434111163,0.8496075797587503,0.19899798433609572,1.248872378880478
1.0,0.14836974397503866,0.47814339594878064,1.0,0.7226407880506285,-0.9210389211530909,1.1646751047895778
1.0,1.0,0.06205529011684652,0.008962014467047474,0.11122204119606205,0.5594734923650193,0.6113617745447828
-1.0,-1.0,-0.4233271000409175,0.03507133548813002,-1.0,-0.06723018594429997,-2.9381044268686267
-0.7205810129719398,-1.0,-0.8257372150084075,-1.0,-1.0,-0.1353982126349499,-0.18708511076768197
1.0,0.4289795811069719,1.0,0.5104434789899019,0.8109221180189115,1.0,-5.084185322439103
0.11986107451617677,0.12538329428946474,1.0,-0.050235579321510015,-0.40464478062687725,1.0,-0.7687725031911942
-0.055738401439774266,-0.08624486639316331,-0.5924231816259511,0.4423209584924983,-0.3826628861615076,0.96235271355687,4.63034344645783
-0.9180555091446745,-1.0,-1.0,-0.16791141099187024,1.0,0.7977178909182852,-0.6554229075100038
-1.0,-1.0,-0.4532519895247047,-1.0,1.0,-0.2969386248414827,0.9785583923028279
-0.4622774779551705,-1.0,1.0,-1.0,-1.0,-0.10589640752145146,4.940323052774722
-0.8633631523139093,0.88045172519508,0.4635543457566446,1.0,-0.30787305924413766,-1.0,1.122561748392465
0.1381840530202012,1.0,-0.6156009044671011,-0.673699197453008,0.8638094184384686,-0.3170999231960546,1.2075194342504945
1.0,0.7614710430290859,0.5815905747619294,1.0,0.6806326386373431,0.9138205783950263,-3.537338365054004
-0.3886237713688824,-1.0,0.8750134161727083,-0.008050780337207797,-0.6238431350513167,-1.0,5.228802362990498
-0.3011826482320129,0.6449880631717104,-0.3623388740890504,0.13550639967073153,1.0,1.0,6.716306674672302
0.2864916184211995,0.7983143777692122,-0.9071184882181913,0.7655842710903438,-1.0,-0.7270725587297819,3.7150180307381717
-1.0,-1.0,-0.6129124101184522,-0.023825437508530056,-0.04159058792428105,-1.0,3.0140439327767217
-0.20039922275073252,1.0,1.0,1.0,-0.7230072146398524,-1.0,0.5197269399383457
-0.5301065878118327,-1.0,-1.0,-0.17098562160027253,0.25143920644926876,-0.16913967217749737,-2.9223221393011696
-1.0,-1.0,-0.6932892699008351,-0.7300260659454669,-0.833046683344994,-1.0,3.0577656739170753
0.49762748069217166,-0.4683337373176231,0.7728179530271422,1.0,1.0,1.0,0.7369710957046873
1.0,1.0,0.1384065118122384,1.0,-0.8081515815976086,0.5644108038360139,5.666165622999255
0.5219099869700612,0.8770092070558477,-0.3957874529688758,-1.0,0.5969172231981781,0.0819206050532797,0.777211335186094
-0.04496573867427189,-0.38202110513529197,-0.12959080744164364,0.3866723552608476,-1.0,-1.0,2.62721178691452
-0.6577774873064584,-0.606597814001013,-1.0,-0.9951862467862846,-0.4816864863514313,-0.8302263561154541,2.5183372012444996
-0.7494451507229718,-0.1893880162933969,0.2965817668717967,0.4272682483114789,-0.6889742336398719,-1.0,2.592991177717892
0.2618739508653116,-1.0,-0.2151903478236037,-0.6017858874108444,-0.2327516024675314,-0.10244612305838016,0.20315928342970715
-1.0,-0.43306851338290375,-1.0,-1.0,0.12695842345551978,0.166780655584301,-2.33018300417229
-0.2727628756150322,-0.9596245768749259,-0.6541771616571923,-0.15536352496279848,-0.6856527283932285,-0.5395011175381232,-0.9675045674386382
-0.6702559803568631,-0.9666919440905619,0.5165779526738152,0.21322043512015754,-1.0,-0.2754948155380096,1.231608372380651
-0.9030223935276283,-1.0,-1.0,-1.0,-1.0,-0.1965912848560185,-0.7464252725369755
0.1734377058819766,-0.24268626768364115,0.13511403320010407,0.2788882172650127,-0.22409986341562244,1.0,3.4784294282304415
-0.7901121902240251,-1.0,-0.731174222667647,-0.34740882958834884,0.11836852260312869,-1.0,3.5226051163458227
-1.0,-0.050910631583549915,-0.03399399137558623,-1.0,1.0,-0.24305292208860163,5.964242167815404
-0.22536287132178312,-0.4062696943809736,0.022792588357863464,-0.030347480243329783,-0.6028692918395274,-0.898928148631362,2.2733959828872043
-1.0,-1.0,-0.15479415637007332,0.08672806622392742,-1.0,-0.4557021340811622,-0.42685241617200087
0.20438731926542286,-0.9625803619945333,-0.9477888642395451,0.6312335099577859,1.0,1.0,3.3348395064667797
-0.0014167854408979608,-0.8462511180579996,0.13301328415675218,-0.8077225888018347,-0.5399723938847203,-1.0,6.923158932153999
1.0,0.8847927012552834,0.4452227180197841,0.7423179039781131,-1.0,-1.0,9.433071177425976
-0.836434217442775,1.0,-0.15042551745439298,0.221302351617777,1.0,-0.8679549881011935,5.384845457258724
-1.0,-0.38991786285245905,-0.03509169005324385,-0.6628975703895705,0.6885711280922705,0.4445643253900226,2.196981522803249
0.8511426296027192,1.0,1.0,0.9258598489598916,0.725995421703971,0.28745275759346994,-6.4887691934236535
-0.6029578909085196,1.0,0.12138007909649429,-0.2434428692609528,-1.0,-0.6691747136674207,-1.9624528238308099
0.2310266495596197,-0.20013602331259905,-1.0,-1.0,-0.2511397391929331,0.6275874964839471,1.320119364516312
-1.0,0.40263243591992204,-1.0,0.33975767498166926,-0.534614400788227,-1.0,4.664194736066844
-1.0,-1.0,-0.37316080411004116,0.41588457446423177,-0.436380431651172,0.76751056419213,-1.1372252015584523
-0.4989693990800852,-0.6190574838801706,0.7152365405641928,1.0,-0.26198052260810456,-0.5499969961875102,0.7339324157317157
-0.42752992405932705,-0.25835048384518083,0.679989590608751,-0.42314654234160914,0.5499492629239698,-0.8658794876677535,3.9526201882064713
0.170542521868419,0.77782860907193,-1.0,-0.37875411349239596,-1.0,0.1681899394012013,0.8944750672993949
-1.0,-0.8057874276437562,-1.0,-1.0,-0.21029147846250223,-0.08622366798194081,-3.9010395189492497
-0.013372169827946758,-0.7880080728912311,-0.03744238600220062,-1.0,-0.1086381145596362,-0.18048604488107722,0.857798086876146
-0.5218879833311858,-1.0,-0.4211026282132342,-0.09107488776751849,-0.32032455100271484,-1.0,2.66250707386933
1.0,-1.0,-0.8629497151711092,-0.6030019871751149,0.42067666071981547,-1.0,0.663936502745594
1.0,0.48666681811421086,0.10131074974582124,0.432798000718175,-0.4564107040250128,-0.46741782691333617,1.9678963240161989
0.5541200082173146,-0.275533140344559,-0.21987427347520747,-0.705380970646392,0.5150450400047186,1.0,1.4205254678454575
-0.5446978085828934,-1.0,-0.42868143744674725,-1.0,-1.0,-0.18355921969378883,3.3470208389353995
0.7584152046572583,-0.18043601472565884,1.0,-0.1705034509380522,-1.0,0.4139706972942282,1.8005282501271345
0.6448341421941772,1.0,1.0,0.22583126368597406,-0.0948464247455911,0.8310399167585308,-3.094619933264152
-0.7627914215121561,0.8090897390623665,1.0,-0.5893992110646423,-1.0,-0.9790416119711107,-5.740287308481684
-0.736856373728947,-0.7751556864698596,-0.8743783107668983,-1.0,-1.0,0.4723090890885786,-0.8992235745993012
0.03203262830164211,1.0,0.08355195157948159,0.8260002206679751,1.0,1.0,3.949648984221303
-0.022385613657455616,-0.07053119043961809,-0.4916301231015987,-0.670456955405778,-1.0,-0.6607729454203974,1.2076372931200767
0.9738873537989284,-0.45334144838229423,-0.06756344478674048,0.2973601879889245,-0.3339025068399176,-0.542221253211074,3.2049358126423053
0.16758592038272413,0.6111420227317924,0.19221650497555443,1.0,0.02942691315080581,-0.7268214856718,1.503945684185267
-0.8724320894440204,-1.0,-0.16910361572222793,-0.6733606093043135,-1.0,-0.6997818479639697,3.0228792992961577
0.37999586117194906,0.7002183926771459,0.10952840323721594,0.783541947859258,0.7858274095208331,0.14931318347748745,-0.42240851450305716
0.4717504052980912,1.0,1.0,0.8165710717060473,0.29304590563981014,0.2234508336779566,-4.423099886425931
-1.0,-0.13955191506464892,-1.0,-0.8982353418671545,1.0,-1.0,7.134170772649939
0.6828656420160801,-0.16669944859072516,0.10530967572129835,-0.6106713404375352,-0.9312680730031075,-1.0,6.606380223136091
-0.2008209102704308,-0.42632856862720403,-1.0,-0.8275190771314664,-1.0,0.34008257993435853,0.44619110166716247
-0.8726840455002609,-0.46377985190536025,-1.0,-0.09453775604249626,0.2917027822399175,0.24137423837554478,0.202009052858931
-0.11362955032926425,0.869213313693013,-0.3780780837139813,-0.15325064799724242,-0.042070639409921895,-0.36983563305973,-0.19270780123833484
0.7320441259623739,1.0,1.0,0.3220572104054593,-1.0,-1.0,2.3316981371659677
0.2729178370166349,-1.0,0.8879421617014152,-0.46641512622819703,-0.504434293901588,-0.28752818190348006,4.8352202472856245
-0.19538617106101874,-1.0,-0.0680192128521453,-1.0,-1.0,-1.0,8.957655169437606
-1.0,-0.9468756441436553,0.6098946754999375,0.9292501724208702,-0.5490154114118118,0.7653537723667667,-0.40426898275746304
-0.006918988404163162,0.608616400383072,-0.9804647079989935,-0.5557565967637255,-1.0,0.40817587385098664,2.026169204945873
-0.9902512237031198,-0.47074666124847564,-0.9072538413101352,-0.06912362651001475,1.0,1.0,6.837829971664216
-0.3120022561250506,0.32926269572785055,-1.0,0.20355765954736413,1.0,1.0,9.26843550495341
-0.10012075955893857,1.0,1.0,1.0,-0.307534466611242,-0.20953542782758655,-3.2603356537799115
-1.0,-0.6663078476064739,-1.0,-1.0,-0.5569484616991769,0.7043223582004388,-0.9243361238376968
-0.5133468470895299,0.8495089498300142,-0.4809604039096983,0.4316440351766264,0.27405326651225226,-1.0,2.572765475332857
1.0,0.970482757961735,1.0,0.6290655921445663,0.07415155439744403,1.0,-4.5221473749914125
1.0,0.49756274938147904,1.0,0.0064432284358513225,-1.0,-0.06990658884068746,4.31736639009713
-0.25259018115555354,-0.8706443255085128,0.994707356457285,0.7993752321564027,-1.0,1.0,-0.27724301814090097
0.556449649903672,-1.0,0.35022243985639945,-0.39156999530832726,0.5646438423602735,-0.6075484296683439,3.065253579264915
-1.0,-0.16832208828020567,-1.0,-0.1379462107007866,-0.8850982983899778,0.0919754183456819,-3.1107969434108935
0.8106013171670864,-0.5376644253718433,-1.0,-0.6930404903333767,-0.284262378874781,-0.6465257108388767,1.515450462786022
-0.5778814783014433,-1.0,-0.9737973671655608,-0.2706876330161965,-0.1643419350182147,0.432480317714083,-2.5236939275460455
-0.27167574142485484,0.6296198413968561,-0.7508402368734091,0.06932894434529513,0.11909477390938134,-1.0,2.7509431094509575
-1.0,0.6678877192771553,-1.0,-1.0,1.0,0.055189876317177644,1.992846856805448
-1.0,-0.35598466043249255,-1.0,-1.0,1.0,0.5779016097352812,0.1952658059171865
0.8725780826735101,0.4049223901481476,-0.9285754418172409,-0.5302821556982064,0.5171154175865547,0.3877099390790446,-1.299672076468195
-0.40711771784075856,-0.27456744691819135,-0.5091955552494465,-0.9089215588784263,0.8845876077487419,0.5071217444109857,2.8773435892259225
-0.3784886152205309,-1.0,-0.5822584069485373,-1.0,-1.0,-1.0,5.712361638978607
1.0,0.300668147022209,0.36120313060316434,-0.35372502356568913,-0.5081176840769743,-1.0,6.133605360311568
0.7162084189929918,-1.0,-0.7018273528060329,0.01527772516938719,-1.0,0.2803495695836853,1.288153832005333
-0.06772209857703243,-0.15939764425527614,0.8503122020679884,1.0,-0.11339150810602572,-0.33300069856093595,-0.29960961276074927
0.3205504185755872,-0.6837549603717163,-0.1972831623187966,-0.17599211940166026,-0.7996727590678329,-1.0,4.303123151673977
1.0,0.6221177260739568,0.5223316771294422,1.0,-0.7572952409334263,0.46085843970481444,4.089237453813066
1.0,0.11089380598073295,1.0,1.0,-1.0,-0.009235503643853615,3.561498534753888
1.0,1.0,1.0,1.0,-0.04997367325863111,-0.17130827489398073,-1.3775110995502535
0.01167836399973643,0.76939284653275,0.950088301761085,0.40810660746166405,-0.275152761675691,1.0,-1.7321489667520775
-1.0,-0.5108901897062278,-1.0,-0.31961686326722594,0.2987559618836416,0.15749849769974728,-1.4431478283529269
1.0,0.6156353343551833,1.0,0.551803498528393,0.8919029021899241,-0.16943996250950577,-4.011680634679608
-0.6777748945608439,-1.0,-1.0,-1.0,1.0,0.6671468329853538,-5.151224832411791
1.0,1.0,0.5984504931478531,-0.33243517192806127,-0.36104044201317037,0.43038342964494647,0.7743417756863512
0.38047481019994805,1.0,0.4549987826069217,-0.2691061013883659,0.1183421402808672,0.3532859120210343,-0.8448357408184914
-1.0,0.14009336712117595,-1.0,-0.2219917288221458,-1.0,-0.6074854298907064,-2.1470705152586174
0.6128320734874089,0.6920495118899636,-0.12810449734803886,-0.5083150026161152,1.0,1.0,4.620531066685286
1.0,0.47760899539796897,0.5752812597423935,1.0,-1.0,0.37889495825903685,3.8464207535667576
-0.9953698380666665,-1.0,0.35082736019117144,-0.41089815457264955,-0.28165456402213895,-0.6906338967515744,2.41671559708419
1.0,1.0,0.8208136187817222,-0.37174818004055293,0.6058813300524414,1.0,-1.6846010082648024
0.6119196348394842,-0.1746750390767014,0.5341023361744494,1.0,-1.0,-0.306193834796037,2.6240115145436222
-0.2742659116083111,-0.6985306880444127,-0.5131305108772325,-0.1758686005696344,-0.992003865991962,-0.15169944549987235,-1.8672135785179331
0.1347508267152521,0.6698424909818779,0.2670525311932299,0.565315771711196,-0.595722944072653,-0.02808718084777717,0.44747963027911153
1.0,1.0,0.9120744608698184,1.0,-0.20231746705934545,-1.0,5.2039487360752945
1.0,1.0,0.36361526065041505,0.36647297214978747,0.0763070363072445,-0.3059797466378774,0.32461544310634416
0.6598847121828384,-0.12705900038365647,-0.42665994775621774,0.5513849106678256,-0.06258278070816714,0.506626821714007,0.2903317635937568
0.774612778666939,0.19482252036799574,0.8691483248249341,0.04485857084844669,-1.0,-0.6591504279600648,4.466251806945876
0.6131788644214503,-0.028823481857067068,0.8588821944837097,0.11203611137329589,0.4370342418277655,0.35000913080861307,-1.4529120379295148
-1.0,-1.0,-0.45606167799888464,-1.0,-0.19031547584182684,-0.025227398926708444,-3.6350021536903867
0.849045991679529,-0.3990879088661192,-0.49242716374595186,-0.5808985859280955,-0.1542926804198661,0.29042469595073245,0.7380265436445584
-1.0,-1.0,0.5727878761238114,-0.285474224107084,1.0,-0.5833109382402046,6.312752854327759
-0.0467962208657593,-0.299456545810848,-0.6064943787213211,-1.0,-1.0,0.558784918498113,2.7948386687958133
0.17904439367663158,0.3458432863591729,1.0,0.01881083021148322,-0.3163630959331907,-0.48330583968861457,0.4153689322122815
0.5519278348828569,1.0,-0.620933968823665,1.0,-0.750948416954484,-1.0,8.165749866696348
-0.5968683733635878,0.3041057669946282,0.2799100237115215,-0.5773472357884554,-1.0,-0.9993887980292673,-0.21638836017455187
1.0,0.012284612371817216,0.38851665425579784,0.9665579495173817,0.04655027313181127,-0.41484689567518174,1.4754997008746913
-0.911910651614283,-1.0,-0.5619307188330219,-0.10695474066095345,-0.4520659705390486,-0.5889709262033418,-0.7098988757186422
0.5506478588242151,-0.21785271344999857,-0.2338597748010277,0.22824184290527116,1.0,-0.9815303274773759,-0.7606214653944292
-0.34154435955826756,0.31707856384191985,-0.1981636436926093,0.80078633603515,-1.0,0.35441644521647797,0.18297978205063592
-0.13949613817494066,-0.18070950837510735,-0.11964193271605716,-1.0,0.39051885812064735,-0.22238781901852084,0.7730547823556736
-1.0,-1.0,-1.0,-1.0,1.0,1.0,-1.8495455452547191
-1.0,0.44869162376648947,-0.23730940076695628,-0.13077577405271448,0.24005661030368886,1.0,2.9973732604670746
0.20067387373504214,-1.0,-1.0,-0.7342054996965998,-1.0,-0.9194804837471111,3.2576917759259727
0.21932204966570296,-0.96339483701555,-0.22331325343751582,-1.0,0.2873599877048334,-0.4609351269805119,0.6703926550929902
1.0,0.5953671433508665,-1.0,-0.30231258904413094,-0.9006884273669561,0.6684684311824958,5.8449687293863155
1.0,1.0,-0.393989548523334,0.43822337963680646,-0.5899400244935515,-0.4673422445970786,3.538830273817628
-0.6377793806245791,-0.8709728192614004,-1.0,-0.24473507588733123,-1.0,-1.0,0.6887104306399282
-1.0,-0.49833501040102934,0.6706779611774204,0.6648922444041409,1.0,1.0,1.8030483866885043
0.027581648039575857,-0.40390667601092595,-0.04785437803755187,0.21884501660264744,-1.0,-1.0,2.2981484992316012
0.9163659639591354,-0.16205248566036612,-0.667466823675391,-0.362750866270964,-0.004318620617554253,-0.48577029857595905,1.1075023665402455
-0.3052659340770443,1.0,0.9143879699040277,0.7291114658245536,-0.6433221575353362,-0.341412100273502,-1.740656291014932
1.0,0.04566101615442508,1.0,1.0,0.8224205557484299,-0.8617867509068294,-3.315496888500163
-0.585333252615956,-1.0,-1.0,-0.6885118427930372,0.4185318415135717,0.05946232986132882,-4.631548644993056
0.08329314489939144,1.0,0.11867909274883837,1.0,0.8727266932051716,0.1333701202533753,-0.6207663077640719
1.0,-0.6906693216728064,1.0,1.0,0.34621325873981557,0.9332939573365027,-2.5176723166993686
0.44810304318476113,-0.5121288989467488,-1.0,-0.06473170519578408,-1.0,-0.9226446272250646,3.0579979116029867
-0.4112550479681303,-0.7211746871786296,0.1995267748035584,-1.0,0.5284605614513249,1.0,1.0295542431772595
0.2105437839639453,-0.8729636281375057,-1.0,-0.8503654046751299,-0.31989913317468766,-0.5141614829319752,-0.24258773893114358
-1.0,-1.0,-0.40229996861343076,-0.1961231584149552,-0.2507148280245083,-0.06314056648635746,-1.3813043368836764
-0.47227549871062974,1.0,0.22033860361385826,1.0,0.5288608797250789,-0.2094128698475554,-0.6194439993161274
0.4032436649270358,1.0,0.43093070307013187,1.0,-1.0,-0.8463090019911728,5.501250734131526
1.0,1.0,-0.8416757665907839,-0.019753176155339558,-0.48411341255448814,-1.0,5.210677880216239
-0.31154941974891315,0.28962162315843293,-0.2850505492017035,-0.9570521582542223,0.7298419762017445,1.0,5.971213755843283
1.0,1.0,0.46074832663876353,1.0,0.31218019202830494,-0.7238218957502809,1.3809966971172343
-1.0,1.0,0.12520995727384526,-0.3747533980913011,-1.0,0.19992721043636835,-1.6922708470435266
0.7404221891842351,0.28268084406896765,1.0,1.0,1.0,1.0,-5.281295882323015
-1.0,-0.28942989816362763,-1.0,-0.7760107461335604,0.322952465332508,1.0,6.688515233851319
1.0,0.9873072894489544,0.553081852850675,0.778968909827892,0.055926688294945626,0.5525363595893442,-2.0917995295515164
0.34249623924512185,-0.38968581121290413,-1.0,-0.02429922231918269,0.6311801395763544,-0.6836550467865372,-0.23762351761959521
-0.05937936538570619,1.0,0.6495922766831654,0.6621273077278619,-0.36658222223293846,-0.10121367300635509,-1.3737267154088084
1.0,1.0,0.30394621155613805,1.0,-1.0,0.16359636120108678,5.166164058717036
-0.23718731585520003,-0.84815909424795,-0.08975885105627635,-0.6831885181725053,-0.5111978891431876,-0.3362234946973385,1.0958511198250687
-0.8526181113722803,1.0,0.9307415077050206,1.0,-0.9542067945175381,-0.3467024495285811,-2.9314956085695263
-0.8653298998491068,-0.4686362910494447,0.671873856832688,0.2060918010506846,0.8920763046587402,-1.0,4.480956245542888
0.3066281562004857,-0.7527164630074408,-0.577024249749353,0.4956609008139922,1.0,0.09515915424136145,-1.1613112888238637
-0.7110469718823047,-1.0,0.47539093963793616,-0.5898284654545007,-0.16265252556719811,-0.12856726468497673,2.0452605260999066
0.9731919207206703,1.0,0.5733727912229818,1.0,-0.07544464543658291,-0.9192053434223924,5.827597659411251
0.6361059770662306,0.4886656574688172,0.05012802119572407,0.1727751880859984,0.6481813912026919,1.0,3.2756896089620096
0.6946552168264591,-1.0,0.4476160319101572,-0.7875069037497382,0.04845658844572803,1.0,1.2059857987353195
-0.07786961362253608,-0.9316151664290014,-0.5544969158447366,-1.0,-0.9234288269778248,-0.09389094654017494,3.8176607380017975
0.03432142045965647,0.04590978428210435,0.2855171412612565,0.021169815269614256,-0.4292935161278669,1.0,2.5808817226507665
0.6954927827008542,-0.08722263291456478,0.10301068632363017,-0.0910998704527799,-1.0,-0.7680095678762298,4.941309643929103
1.0,0.5616905854324641,1.0,0.13205244996642684,-0.6488927029887288,1.0,0.8538977204194218
0.6797320916373484,1.0,1.0,-0.7473536984802635,-0.38362511392433746,-0.5201003367573247,-2.4715488938143
0.9190613142869688,0.7288651010763616,0.3881904373972846,0.8753003727325632,-1.0,-0.7319500701924738,6.742221885932292
-1.0,-0.17148547318720822,-0.07019751358457618,-0.9016495121013584,-1.0,-1.0,-0.17295548515214537
-0.5000786040704623,-0.19769416551424607,-0.6696528961918796,0.5124957422903657,-0.6455638236838374,-1.0,1.5840635818906679
-0.18192416812188383,1.0,0.8231130693813699,1.0,1.0,0.6301072437342727,-4.281814776349968
-0.8769066012119189,-0.23593438231477665,-0.9259593911987437,-1.0,-0.9544119604613861,-0.5228161221121044,-0.5628862688048064
0.1124158254870502,1.0,0.41802083525638833,1.0,-0.3136243561461879,-0.6125966396110559,1.593004476297649
-0.9657961901621186,0.5798728307462442,0.10090001853617914,0.8629552388313021,-1.0,-0.4928141789733127,-0.9018514481218192
0.24645744340232106,0.9023027922886433,-1.0,0.6651639424821086,-1.0,-1.0,4.798736104166505
-0.05495792178654313,-0.8607710186868924,-0.9366149842058712,-0.5886479202351447,-0.7780097157971828,-1.0,3.963189628881
-0.9627578828299332,0.18606187993761564,0.8600397831788144,0.6787837461457982,-0.3776630262136789,-1.0,1.3461952753434432
-0.8478300852636131,0.6969796468827615,-0.8658692208658009,0.008097763495425653,0.7757692282259484,0.04213680327836597,0.7578461930972991
-0.061365211864643276,-1.0,-0.9346532690557835,-1.0,-1.0,0.33352270197575423,2.8378741772909373
-0.12519022053829898,0.05271882079800416,1.0,1.0,-1.0,-0.6629153790491322,-0.22211191624137333
-1.0,0.22828450320442423,-0.7531373076564004,0.9160436063255213,0.8120000202426634,1.0,7.862623930073237
0.014077968644145178,1.0,0.5484729540344113,-0.5426225583168526,0.996545405707784,1.0,4.766190702847575
0.6455898334758855,0.43801186841019757,-0.7860459044843586,-0.4582774868038295,-0.1137911976925865,1.0,5.555169021146143
-1.0,0.45172047150566597,-0.40282464506791427,-0.3355476680072692,-0.4559243577990972,-1.0,1.3501961929667297
-0.15478190671224035,1.0,0.49650139537401017,0.042380393161774665,-0.8472021848256559,-1.0,-1.0842790336705668
-1.0,-1.0,-0.8373305538619857,-0.46102983335515524,1.0,0.19049921894613675,-3.628276941734048
-1.0,-1.0,-0.7168159680255485,-0.38123689221864737,-0.19487460747045215,-0.07482640484071978,-2.7830187591697464
1.0,0.9035061778615875,-1.0,-0.12428420319006855,-1.0,0.2111996212949928,6.3264910465121105
-0.5498374137873687,-0.2231618255175642,0.3345401084457967,0.4474996040506661,1.0,0.6567408208805706,2.3073271654922247
1.0,0.22086844665464844,1.0,1.0,-1.0,-0.9023585957118168,7.766598140698166
1.0,0.40799411954437725,0.021167936151637257,0.44232519496100364,0.49375297775556715,1.0,0.7303565393434575
-0.5122092462910749,-1.0,-1.0,-0.6137162669769096,-0.27247529636412837,-1.0,3.214704445844585
-1.0,-1.0,-0.4712321965947007,0.08884629922181397,-0.19675928569450912,0.8153458043122912,-1.6522587030275653
0.7417881663119956,0.9722897078986645,0.01401988288651812,0.1205349006336971,0.11654175228049543,1.0,2.995332064782756
0.25546834039024024,1.0,1.0,-0.7662259686955883,0.695942966693391,-0.30163051079541925,-2.798206150782898
-1.0,-0.18828767474659247,-0.40404484897739884,0.2640562831016322,-1.0,-1.0,-1.1555549386464912
-1.0,-1.0,-0.15920252670609847,-0.5405728564878867,0.392092171283566,-0.5204607748852497,2.4460543123191636
0.19649752933576536,1.0,1.0,0.7153926256423169,0.22254225811727973,-0.45952971388960173,-1.8966439488695102
-1.0,-1.0,-0.7862969260780955,-0.8225792292621432,0.04824959011732617,-0.6637884310612745,-0.33179614218250364
0.41187978872502085,-0.663787139200878,-0.8110650232058152,-1.0,0.03120665562625069,1.0,1.200055980143107
-0.07747847397294988,1.0,1.0,0.27691006765545373,-1.0,0.43290375390753755,-4.212960464680829
0.8387081175070185,0.042787133635312224,1.0,0.11149060156933926,-1.0,0.7990796839215428,2.4909149262490695
-1.0,-1.0,-0.6152907838179436,-1.0,-0.2851502851351059,0.7007278054995232,-4.753473612162348
-0.012673232339084683,-1.0,1.0,-0.06868316317319054,-1.0,0.8347733945275042,0.9195008099328951
-1.0,-0.7549957306162347,-1.0,-1.0,-0.8538072382730975,-0.9376094619948796,3.6318672480177643
0.7330611076541156,1.0,-0.9579396698097822,1.0,-0.3718908375153094,0.437538231475036,4.26448582319258
-0.17350058180685118,-0.6655239505411754,0.7303455023316264,-0.4742167779314581,-0.20580456964150118,0.4935986398718162,-0.29947660237107443
0.42128677319919505,0.3883410050772644,1.0,1.0,0.8437738633602535,-1.0,-2.1994192546990674
-0.04759193815698026,-1.0,-0.002883348687819809,0.4418394664759919,-0.2703717403789608,0.5880919220570773,0.32544289769572227
-0.30226789886831607,0.31414611226757416,0.011422847415443027,-0.2531270717571514,-0.05050924588193478,-0.511144332715303,0.5535092089466533
-0.45522657885150114,0.07513787839942054,-0.6931902158013895,0.03597732680115395,-0.6514138774240824,-0.5285533385247762,-0.42119502847347445
-0.663495190408749,-0.0074384828812597,-1.0,-1.0,0.6371034599757079,1.0,8.192538306806311
-1.0,-0.18063707401803542,-0.18687165312512477,-0.4296287128651688,0.02320375526667595,0.5983784842199913,-0.21306503184058215
0.7879357371433621,-0.011232969770982024,-1.0,0.5930536307071157,-1.0,-1.0,4.122844461347556
-1.0,-0.6940324496349102,0.2861811730143418,-0.5559401786306989,-0.602257587356787,-0.17598737281445456,0.10157589503649789
0.1724962395959324,-0.4386566589652504,-0.31131543550897706,0.06692960988373675,-1.0,-1.0,2.731596538049561
-0.3090123328993515,-0.36441501250356945,-0.8554520373209125,-0.18997854832740857,0.7118529749414247,0.1207101043984995,-0.7481032765205838
-0.39069090643912724,0.929069106294536,1.0,0.06408590495409161,1.0,1.0,-0.3909081752426695
0.614714720812374,0.5700253995091791,0.915142315613221,0.07216911598895659,1.0,-0.2644502021091927,-2.50896549889446
-0.5311318885786119,-0.15694391239920089,0.033112811934293496,-1.0,1.0,0.5582658174320398,2.971829655507694
0.5367476125468383,0.5948909587497777,-1.0,-1.0,0.47544366657879444,1.0,6.088425033066045
0.2956988428188675,0.8635128886437109,-0.12930887372822303,0.32855337083981295,1.0,1.0,5.365982196836773
1.0,1.0,0.5213912346800889,0.5922052911826186,0.20358261713130993,0.5891286074534574,-2.6034785356161882
1.0,-0.026249287501576846,-0.6875788266064877,-0.8913582317620564,0.5609026840232054,-0.9798882095846202,0.5655402715241504
-1.0,-1.0,-1.0,-0.034924876494280443,-0.6976512147280183,-1.0,1.6062528555927236
-1.0,-1.0,-0.6805852068092492,-1.0,-1.0,-0.04193152147290857,-0.07569207030885614
1.0,0.910934999321761,1.0,1.0,-0.1189680055625868,-0.08415517634812864,-0.9063410679330709
0.15120268223795225,-0.09274699071539363,-0.21049974361639812,0.28695755712183724,-1.0,-0.6401258286307734,1.5794194925069438
-0.1269393507411869,-0.6703819536077309,-0.899506999974583,-0.40787905447475414,-0.20134556225535682,-1.0,2.658914283129435
-1.0,-0.9697125147185968,-0.6089010895281977,-1.0,0.23036619065836184,0.47828578409514744,-4.8671433569840055
0.7826528468327182,0.0696532907704358,-0.07655517526157946,0.24729333059316355,-1.0,-1.0,5.584892221672565
-0.5335801225862694,-1.0,-0.545221096936586,-0.3461667931649446,1.0,1.0,2.614246663873721
1.0,1.0,1.0,0.5840299084500795,0.4035323353123925,1.0,-6.395283420210061
-0.2094689359861872,-1.0,0.2695014848547972,-1.0,-0.06659183926521661,0.678087493720632,-0.22379999690240182
-0.665072956168828,-1.0,-1.0,-0.9503460261203298,-1.0,0.17355443832266268,-2.604867607723583
-1.0,-0.36351786915284123,-1.0,-0.4834467228653076,-0.12421163774579791,-0.7430817934070799,2.535175179565581
-0.07410958251655753,1.0,1.0,0.6967083385180637,0.24667572133106636,-1.0,-0.5968693690102184
-0.009035128810675364,-1.0,-0.44468025534062416,0.4093076797337619,-0.6915370964833707,-1.0,1.5339205253354522
0.7068254298088649,1.0,1.0,-0.28262379642157365,0.12102048805742416,0.35155478180973576,-3.0318282980673286
-0.22538616635217723,-1.0,-0.14184034933359657,-1.0,-0.5002787103743016,-1.0,6.075379695413089
1.0,-0.32823472396024567,1.0,-0.23778519675156154,-0.286888821816542,1.0,-0.9131604689550006
0.8463384104857741,0.147280992084326,0.5133380527728407,-0.35335878974565105,-0.7154792455511941,0.47974070618100273,2.079996375755039
-0.6847118033487705,0.8470619006747481,-0.8669667391862237,-0.7283905665293746,0.9492446818665198,0.129191676761787,3.8851345501871903
1.0,-0.9310966989053087,0.5201153383641293,-0.10907010540596174,1.0,-1.0,3.433607175889502
0.7161629738598687,0.2105896637370886,-0.05608848949005246,-0.6232859393718474,-1.0,-0.3172659161203323,3.691276345365097
-1.0,-0.44331586131320333,0.6044924154674359,-1.0,-1.0,-0.7667355537752483,2.417955035188986
-1.0,0.9829468304310729,-0.34955140382561456,0.8723132570836473,0.42474645062075944,0.014903910911771845,1.0177397217756106
-1.0,-0.7936782850044265,-0.9684673205943992,-1.0,0.3439210879598469,-0.5093702523863206,-2.550544209779891
0.14623145143635807,0.3188853498791486,1.0,0.9834174619049683,1.0,1.0,-2.040015636194307
-0.8928798595356886,-1.0,-1.0,0.5295480873869737,-0.7509435182590596,-1.0,0.14283349931741207
0.7571369023882993,-0.3912999538629476,-0.21387232863996852,0.09819508350801928,1.0,1.0,1.3801164584867496
-0.5671377541786001,-0.8459723063604421,-1.0,-0.9540965172889534,-1.0,-1.0,4.918657493779933
0.20023189766749927,1.0,0.30244426078067077,-0.13325579423296596,0.05010878542465247,1.0,3.002318287739991
-1.0,-1.0,-1.0,-1.0,-0.71817678907556,-0.20445272256295832,-4.005324032863626
0.5987618838351512,1.0,0.9145260302173324,1.0,0.04914482296667999,-1.0,0.6670896782469065
-1.0,-1.0,-0.14735495661328635,-0.396260758366741,-0.3303956219458945,-0.2863238034861063,-0.7934453663436541
0.5395857238787855,0.04667896440840735,-0.8872879447334989,1.0,0.04034607640276988,0.027693298488021156,-1.7566018235911631
0.5525992501466706,-0.5420950207214139,0.235752660335937,-0.11438847594921009,-1.0,-1.0,5.772271870075674
1.0,-0.16788398381052286,0.9992073308946641,1.0,-0.4586272153200859,0.30982132313360955,0.33209147091110075
-1.0,-1.0,-0.8577751440029469,-0.3222004030766304,1.0,0.6741627099105199,-1.8244582054872351
0.11686061581365914,-0.6220785732478348,-1.0,-1.0,1.0,1.0,1.8621610409306018
-0.6348651520276303,0.564239382840902,-0.8892219392181743,-0.7433854806685061,0.7308669137980979,-0.12222278510331519,0.7565635265490326
-0.5899654059029472,0.226608581118583,-0.0517760584989137,0.5715265076438261,-0.028944365333388067,0.3651384776965917,-0.6463427501080979
-0.8020161951718637,-0.5920623194082415,-0.4429747094121169,0.18528494421310843,0.5891673232173409,-0.9444210596597111,4.6716331068027035
1.0,0.22963716168371856,1.0,1.0,-0.4812342152123107,1.0,0.4571772197279653
-0.45850441512417467,-0.605049286171092,1.0,0.004123462703657155,-0.6168520529198126,1.0,-2.987581772156772
-0.654499515074902,-1.0,-0.3236379470754638,-1.0,-1.0,-0.3360530832932809,2.9197493245540627
0.04071649447876924,0.9151544738400871,0.7405011565876748,0.07194761052534893,0.6049805022194582,1.0,-0.00340483922865753
-0.15925530758228806,-1.0,0.7376592803408357,0.23210657137741564,0.6265300480076167,0.924333893944856,1.784718321576252
0.4529638328816824,0.37928170546077133,-1.0,-1.0,-0.18122187985473093,-0.13666868331107396,-1.432764386832614
-0.14613671177823295,0.11463303770743327,-0.2687293447330805,-1.0,-1.0,-0.708933053169632,0.957816619531597
-0.16717943382094713,-0.46224240054303334,-0.9339582808144838,0.6726116229116844,-0.16160513208104577,-0.70655626229484,0.05440736676459769
1.0,1.0,0.8487583254874822,0.20695665039267652,-0.5987215633985374,-1.0,4.305314635223596
1.0,1.0,-0.3815260944071115,0.8830609867831445,0.4386011742754834,1.0,2.675580105847566
1.0,1.0,1.0,0.045198342865124586,-0.7046283051687828,0.2029730073292611,1.028367007570439
0.5494940927634241,0.569553870794198,0.11231598144083652,-1.0,-1.0,-1.0,5.330819640566827
-0.7893823532640312,-0.29510895908164314,-0.6496929550977504,-0.9691986450341983,1.0,0.7465865075112577,3.9920348332673297
0.07066612385430204,-0.5381967581725339,-0.3636871727838302,0.2376495564888665,0.2639238851246031,1.0,3.931032687394783
1.0,0.3992134146654496,1.0,1.0,-0.4478324576811106,-0.8464479257771829,5.522392778028853
0.3050814184629257,-0.6692017942844851,0.14299806002623233,1.0,-0.24015898347433817,1.0,3.575438734306949
0.34809577262587477,-0.10061645355389193,-0.3221996387810995,-0.5563638378980608,0.5411695643613934,0.16843809134591853,0.22947874989393297
-1.0,-1.0,-1.0,-1.0,-0.579730338617884,0.5671712576282192,-4.745287212996724
0.5788381593763063,1.0,0.6048265481999654,0.40152537187691983,-0.13330867987845052,-0.3290531620438357,-0.45203870390736034
-1.0,-0.6344456121293633,-1.0,-0.44641631437051343,-0.09603600945758939,-0.8761420240150939,3.7275102299571463
-0.9925028117163288,-1.0,0.1819497667889841,-0.17030548542617385,-0.8559900002154066,0.08294705483945752,-1.4875483796045463
0.5817473087362542,-0.2259062811054563,-0.5787597234111366,0.07637472707081162,-1.0,0.20261881488127825,2.42565214144115
0.18004880570867993,-0.3348885347554049,-0.26744179357261555,0.7183600531370486,1.0,-0.1371581405627602,0.2956912202370023
0.3061401691969414,0.6915142502148413,0.6039092601157033,-0.6532795107117572,0.18580596420203283,1.0,2.5941703472743183
-0.2865814814753346,-0.3873362030246672,0.08260409472926455,0.2974288598177932,-0.6927464053475441,0.9762338799403297,2.3013963844896628
1.0,1.0,1.0,1.0,0.2623542402954884,-0.1961768479524634,-2.173246204752898
-0.8065303462508759,-0.31824388297651307,-0.48328877116733726,0.5860231810972554,0.17717124129560125,0.9197716559875386,2.8586696924374766
-0.013801134815983218,-0.7079041209028138,-0.7509999221848802,-1.0,-1.0,-1.0,4.815670018798361
0.36821333897607633,-0.2293172563489806,-0.28044313935946497,0.9019832253489141,0.20650022925267847,0.18831170353723348,0.1360832311659628
-0.08198165098296156,-0.8571610475734208,-1.0,-0.19922981709191356,0.3522594056373106,0.585090431129299,0.21024696037419904
-0.4514218488789892,-1.0,0.792158442046519,-1.0,1.0,-0.3935318021949349,3.0623022353736586
-1.0,-0.7795776694122476,-1.0,-0.3717234477426329,-0.8026236475133713,1.0,2.0077430266990466
1.0,0.6863207587148183,-0.473462908561681,1.0,0.20012363713887882,0.4819913517452803,0.7556382025988777
-0.10952671709465012,1.0,1.0,0.44334237998009374,0.6110585237370252,0.10938764481538177,-2.8710519738514537
-0.7520214816671612,-0.0445052987302782,-0.1652415414451046,1.0,-0.05939319249496283,0.7429053947999777,0.9762865521550602
-1.0,-1.0,-0.8422267370682823,-1.0,1.0,0.7529484407107945,-3.5621442735469704
-1.0,-0.5793262525540714,-1.0,-1.0,0.2735731462948092,-0.5824014994790663,-0.30649615694018384
-0.9958768524689153,-0.4999021371042829,-1.0,0.36610780173979285,-1.0,0.8966935086580609,1.96942286261657
0.2871332402992645,1.0,-0.6529079342892907,-0.3824726767057143,-0.7281237342511666,-0.8673193791679003,1.5529590864373004
-1.0,-1.0,-1.0,-1.0,-0.04706056418391524,0.07386904565384805,-6.752182942913639
-0.9893540438346387,-1.0,0.3850662634620766,-0.37326456987835366,0.19346785611574324,1.0,-1.1538059122199957
-0.1302984689718401,-0.46754163391757436,-1.0,0.49621704551774737,0.22883236851194913,-0.3985252779807896,-0.7839990441206226
0.4735028124592153,0.6642930640451621,1.0,1.0,0.29950704431414543,1.0,-4.8537696228183
0.6966190669357868,-1.0,0.5752105267327787,-0.6999951088899943,-0.016377072644192747,-1.0,9.073469756690079
0.6558995247512556,0.6214059106116276,0.874342479620836,0.7804583769630886,0.037226214273919256,-0.15588369550663872,-0.8196698890007319
0.2047283835550796,0.10416306862053262,-1.0,-1.0,0.6638552410928005,0.957054052760528,5.004701508531444
0.34910920830855563,0.38882535049474776,-0.4819161246525052,0.10110753979995474,0.9719500851016312,0.01547581400274134,0.04782718695872401
0.8199277558449276,0.19739542897348034,0.2751484263402163,0.4120418335383391,-0.2543404886365448,0.9541138193392841,1.8411129926482368
0.20917984470226209,0.9111495464445559,-0.022370747147829495,-0.0821466256980028,-1.0,0.24531382440312888,1.0902139770262784
0.4652956607543375,-0.1640205358045268,1.0,0.7589456435503712,1.0,0.5813451488445854,-4.613669678345136
0.0766400082709503,0.8117316454575467,1.0,-1.0,0.6987294018590733,0.7529206500715586,-1.160044924919838
1.0,1.0,-0.12627923406432484,0.76211928908874,-1.0,-1.0,10.252412272702363
0.09730595614672288,0.05706747411048088,-0.22826294633716288,-0.5142967721910491,1.0,1.0,4.62319859303037
0.035614782980950443,-0.12489192705018759,-0.5935994765043823,-0.4727998288105798,0.9958900612593192,0.6312193108524058,1.9207506787104813
0.8630449829164355,0.8485227818456951,0.3223053681389929,0.466263991415538,0.06793269082145142,0.859257648118145,-0.053633001520003054
-0.2502504303178265,0.015990900110659817,-1.0,-0.28754670826107254,0.35662492507433174,-1.0,4.59050083408063
-0.7430995559101972,0.21433380798519336,-0.44477462054029426,1.0,0.23010659453056226,-0.0065477929431833615,0.0818252655645284
-0.5871831849879852,0.4769723507493251,-0.7206202269308232,1.0,0.5184440751243915,-0.8537539873304036,1.5726785571162472
0.025024843622112325,-0.302118445056329,-0.14454912280929397,0.9685136484977075,0.1672101814140705,-0.0891852483296437,-0.24384457748783664
0.5832551782340096,0.05965903646609272,-0.9554048507474079,-0.6034109469713103,0.07112853345136194,1.0,4.483195831527343
0.6422822405171142,-0.09567403534452679,0.7556828856248082,-1.0,-0.5104298295211842,0.9184574039293992,1.513749399682302
0.9278243980594463,0.9734918019817799,0.8133154892543012,1.0,0.9330724066769636,-0.6022510766469933,-4.373841129272783
-0.8039358603466027,-1.0,-1.0,-1.0,-1.0,-1.0,5.464571674384772
-0.07828438271456473,-0.330743330010899,1.0,1.0,0.7754763293803573,0.881408918901174,-1.7959418548066766
1.0,0.9026471871164485,1.0,1.0,-0.9020541070207524,0.5007370871117249,1.8861378986412434
-1.0,-0.6736702807771664,-0.6011966765905863,-1.0,0.8349597195695385,0.9159397831128426,1.2380921202965447
-0.9262811340009088,-1.0,-0.551601680617211,-1.0,-1.0,-0.7026487525323744,3.6068886108349796
0.24745241878736374,-0.7364702386763884,-0.03391564320073959,0.8250675735161722,-0.25257355599644293,0.13388151041610963,0.04852847545802552
1.0,0.06216020038780323,0.29894163267095364,0.6346334825956392,1.0,1.0,-0.29371307383530226
0.9932636303312151,-0.5083819481284818,-0.31427440353515096,-0.039068939467007735,0.07478777594870689,-0.9162844924410155,2.6057882628563758
-0.43446063199601426,-0.820473982310433,-1.0,-1.0,0.06181461992943238,-0.06947295315326785,-4.247588298599814
1.0,0.8531633830844831,0.49322573490235944,1.0,-0.4186952999419548,0.22658247937448314,1.498357282064156
1.0,-0.9774819322221089,-1.0,-0.7420073397512007,-0.7082171238022176,0.43391648251685117,5.112152763800832
-0.5579801307506054,-1.0,0.008762170871494335,0.2970317572357828,1.0,1.0,4.84317671665358
-1.0,-1.0,-0.6041142537319106,-1.0,-0.9834698363728578,-1.0,5.653445305437403
-0.17025869760919,0.2319716883033044,0.5883820281289528,0.4167986432877234,0.03016553090947044,0.049887002266986974,-0.18712298014501655
-1.0,-0.5086429862102433,-0.060353660025094236,-0.6109782574684741,0.47171405385757703,0.24019776847566915,1.2381975475528522
-0.9462307835712149,-0.8648578980685226,-0.3796323231357408,-0.8158794582007787,0.7545764672329562,0.6920948687423114,-0.4761799767259024
-0.6760031434857124,-0.7538328918701117,-0.6423340123920658,-1.0,0.0619821760134153,0.41372490451655164,-1.7359745225051018
-0.506389279845995,-1.0,-0.38790234304250104,-0.07509966221683761,-0.9672101494631467,-0.30837196343675793,-1.1278216653346387
0.9765799749330941,1.0,1.0,1.0,-0.18239204123902442,-0.06138311491239895,-0.7079198698768047
-1.0,-0.839202605597005,-1.0,-0.7797883656935019,0.9895337817003278,-0.0922612525173746,-4.413108061603209
1.0,1.0,0.40586534708448996,1.0,0.12927532496152716,0.5967627011643717,-1.5576570413598938
-1.0,0.0951256255194686,-1.0,0.3299909961944467,-1.0,-1.0,1.9391729150357384
-0.5334332418318413,0.8869582438066385,1.0,0.3590681897587198,1.0,1.0,-0.5693317186048932
-0.9081004552648867,-0.413628044777946,-0.36352158905990944,0.24079147845040277,-1.0,1.0,-0.7115310414129988
-0.48045151461966373,-0.3276695265195666,-1.0,-1.0,-1.0,-1.0,2.9810836852744593
0.7352766421688164,1.0,0.13308107992219304,-0.8562929060576825,1.0,0.13469247510800297,0.5902903445392279
-0.3202598937838841,-0.06613638776586389,0.3945376523874835,-1.0,-1.0,-1.0,1.5365670664019928
0.5789005966894014,1.0,1.0,0.47078876773246137,1.0,0.5579924821232223,-5.654664064175537
0.41582351024960307,0.18656353421197353,-0.04545322168114074,0.4097999568402617,0.6406111195496147,1.0,2.9223790117723913
-1.0,-0.80743187516865,-1.0,0.7114141776365,0.5234555679053444,0.8074020433177157,1.940822861237758
1.0,0.8646248596748818,-0.1693332854793388,0.8352481681078687,0.8973402145807468,1.0,1.2258681200331611
1.0,1.0,1.0,0.1316607583460896,-0.03974992313830028,0.48046590601868283,-2.790426862209975
-0.9381114726916912,-0.6961524098104542,-1.0,-0.2473205662357577,-0.4043726838732781,1.0,2.9711003732175625
1.0,1.0,-0.042674391848326665,1.0,0.5446831595003405,-0.1701141436741828,-1.1805967050752346
-0.7677886012735824,-0.45130278804416,-0.1756364395340998,-0.08492684793745964,-0.15337646353587497,-1.0,2.800860951596748
1.0,1.0,0.6218913097946933,1.0,-0.8203322905705193,-1.0,10.838527957366747
